instance,heuristic,n,runs,best_obj,min_obj,avg_obj,max_obj,known_opt,gap_best_pct,min_time_s,avg_time_s,max_time_s,avg_swaps,avg_deltas,best_permutation
bur26a,Greedy,26,10,5874738,5874738,5914928.50,5944538,5426670,8.256776,0.000004,0.000006,0.000011,0.0,0.0,"16 10 22 17 26 21 12 15 20 5 3 19 7 13 2 18 1 14 9 23 11 6 25 24 8 4"
bur26a,2opt-SD,26,10,5432875,5432875,5446878.30,5468485,5426670,0.114343,0.001243,0.001870,0.002525,20.6,7020.0,"14 6 11 2 12 15 25 1 26 8 18 4 7 20 23 21 9 5 19 3 13 16 22 10 24 17"
bur26a,2opt-FI,26,10,5431727,5431727,5443525.40,5454096,5426670,0.093188,0.000450,0.000561,0.000638,68.0,1713.6,"23 12 6 11 14 25 15 1 26 8 20 18 7 4 2 21 9 5 19 3 10 22 16 13 17 24"
bur26b,Greedy,26,10,4233858,4233858,4311485.80,4344203,3817852,10.896336,0.000005,0.000006,0.000008,0.0,0.0,"11 10 22 17 23 21 12 9 14 5 3 15 7 13 2 26 19 18 1 6 20 16 25 24 8 4"
bur26b,2opt-SD,26,10,3824854,3824854,3828932.30,3845840,3817852,0.183402,0.001685,0.002216,0.002806,20.2,6890.0,"12 3 22 11 6 21 17 1 26 8 18 20 7 4 2 15 9 5 19 14 23 16 13 10 25 24"
bur26b,2opt-FI,26,10,3827344,3827344,3836643.90,3845697,3817852,0.248621,0.000378,0.000504,0.000632,74.6,2217.8,"4 7 26 11 8 25 24 16 15 1 20 12 18 19 6 21 9 14 5 2 23 13 22 10 3 17"
bur26c,Greedy,26,10,5904165,5904165,5967898.10,6015399,5426795,8.796536,0.000004,0.000005,0.000008,0.0,0.0,"25 20 11 26 22 12 3 18 14 5 21 13 16 23 4 15 9 24 1 2 6 7 10 17 19 8"
bur26c,2opt-SD,26,10,5427308,5427308,5453845.50,5488596,5426795,0.009453,0.001307,0.001681,0.002418,20.4,6955.0,"3 22 13 23 16 8 25 15 21 9 19 18 12 20 4 11 14 5 1 6 24 17 2 7 10 26"
bur26c,2opt-FI,26,10,5439999,5439999,5463581.70,5499893,5426795,0.243311,0.000428,0.000625,0.000828,65.9,1901.6,"13 12 14 16 3 9 11 1 7 15 20 8 18 4 2 25 21 5 19 22 17 24 6 23 26 10"
bur26d,Greedy,26,10,4233211,4233211,4268000.70,4314725,3821225,10.781516,0.000005,0.000006,0.000009,0.0,0.0,"6 24 11 26 2 12 3 1 20 5 21 13 14 23 4 16 18 15 9 7 22 25 10 17 19 8"
bur26d,2opt-SD,26,10,3830563,3830563,3850138.70,3881192,3821225,0.244372,0.001594,0.002218,0.002746,20.0,6825.0,"25 8 26 16 23 4 7 24 19 3 1 14 5 9 21 12 20 15 18 11 6 17 2 10 13 22"
bur26d,2opt-FI,26,10,3822083,3822083,3833507.90,3871955,3821225,0.022454,0.000519,0.000669,0.000934,79.6,2046.8,"24 23 12 16 7 11 25 10 15 8 19 20 18 4 2 21 1 9 5 22 13 14 6 3 17 26"
bur26e,Greedy,26,10,5911252,5911252,5989965.90,6045278,5386879,9.734264,0.000005,0.000006,0.000009,0.0,0.0,"10 24 25 23 8 19 4 15 21 1 3 16 13 6 22 18 14 5 9 7 17 2 11 26 12 20"
bur26e,2opt-SD,26,10,5388192,5388192,5402437.50,5429535,5386879,0.024374,0.001171,0.001941,0.003061,23.8,8060.0,"4 14 3 13 16 25 17 1 8 15 20 18 19 12 7 26 9 5 21 6 24 2 22 10 11 23"
bur26e,2opt-FI,26,10,5388052,5388052,5404919.90,5425751,5386879,0.021775,0.000356,0.000439,0.000543,75.1,1891.7,"7 16 13 12 4 25 17 8 1 15 19 3 20 18 14 26 9 21 5 22 2 6 24 10 23 11"
bur26f,Greedy,26,10,4234885,4234885,4371181.10,4433707,3782044,11.973446,0.000004,0.000005,0.000007,0.0,0.0,"5 24 25 23 7 19 4 9 1 17 3 16 13 6 22 21 15 18 14 2 8 10 11 26 12 20"
bur26f,2opt-SD,26,10,3782283,3782283,3800701.50,3820772,3782044,0.006319,0.001326,0.001745,0.002568,19.5,6662.5,"17 14 6 3 16 23 26 10 1 15 18 12 20 19 2 25 21 9 5 13 24 4 22 7 11 8"
bur26f,2opt-FI,26,10,3782702,3782702,3799852.00,3833613,3782044,0.017398,0.000512,0.000712,0.000953,74.8,2180.4,"7 4 16 13 14 11 8 1 10 15 19 20 3 18 17 25 21 5 9 22 6 2 24 12 23 26"
bur26g,Greedy,26,10,11119367,11119367,11339996.90,11454389,10117172,9.905881,0.000005,0.000006,0.000010,0.0,0.0,"26 10 6 17 16 12 22 14 18 3 7 8 13 11 21 4 9 15 1 5 23 2 25 24 19 20"
bur26g,2opt-SD,26,10,10119719,10119719,10162853.10,10238322,10117172,0.025175,0.001795,0.002349,0.002737,21.2,7215.0,"2 11 22 12 13 8 10 1 15 21 20 7 4 18 14 25 19 5 9 16 6 3 26 23 17 24"
bur26g,2opt-FI,26,10,10118634,10118634,10146245.90,10173213,10117172,0.014451,0.000346,0.000517,0.000831,74.5,2035.2,"22 11 12 2 13 15 25 8 1 21 20 4 18 7 23 10 9 19 5 26 16 14 3 6 17 24"
bur26h,Greedy,26,10,7727821,7727821,7897330.10,8039903,7098658,8.863126,0.000004,0.000006,0.000018,0.0,0.0,"23 5 6 17 3 12 22 1 15 10 7 8 13 11 21 18 14 4 9 2 16 26 25 24 19 20"
bur26h,2opt-SD,26,10,7098658,7098658,7130242.20,7179139,7098658,0.000000,0.001328,0.002277,0.003578,23.4,7930.0,"2 13 16 12 6 25 10 8 1 21 20 7 4 18 14 15 9 19 5 22 3 11 23 26 24 17"
bur26h,2opt-FI,26,10,7099924,7099924,7118910.60,7152724,7098658,0.017834,0.000383,0.000643,0.000961,76.5,1968.9,"22 13 14 2 6 10 25 1 15 21 20 7 18 4 11 8 19 5 9 23 3 12 16 26 17 24"
chr12a,Greedy,12,10,31320,31320,39409.00,54424,9552,227.889447,0.000002,0.000003,0.000005,0.0,0.0,"7 11 1 12 8 5 3 4 10 6 2 9"
chr12a,2opt-SD,12,10,10122,10122,13401.20,17326,9552,5.967337,0.000066,0.000090,0.000121,7.2,541.2,"11 6 1 12 8 4 10 7 2 5 9 3"
chr12a,2opt-FI,12,10,10580,10580,13916.00,17890,9552,10.762144,0.000029,0.000037,0.000051,12.1,214.5,"10 7 5 2 8 1 3 11 9 6 12 4"
chr12b,Greedy,12,10,33738,33738,40361.00,51780,9742,246.314925,0.000002,0.000002,0.000004,0.0,0.0,"11 9 1 2 7 5 6 3 12 10 4 8"
chr12b,2opt-SD,12,10,10102,10102,14501.40,21360,9742,3.695340,0.000053,0.000088,0.000120,7.3,547.8,"11 6 1 12 5 8 4 2 9 7 10 3"
chr12b,2opt-FI,12,10,9742,9742,15268.40,18740,9742,0.000000,0.000032,0.000042,0.000055,18.9,243.8,"5 7 1 10 11 3 4 2 9 6 12 8"
chr12c,Greedy,12,10,35000,35000,44572.00,51578,11156,213.732521,0.000002,0.000002,0.000004,0.0,0.0,"1 7 9 4 8 2 12 10 5 11 3 6"
chr12c,2opt-SD,12,10,11770,11770,15692.00,18460,11156,5.503765,0.000044,0.000075,0.000105,7.1,534.6,"6 11 12 8 9 10 2 7 4 5 1 3"
chr12c,2opt-FI,12,10,11926,11926,14993.60,17640,11156,6.902115,0.000019,0.000026,0.000038,11.8,205.2,"6 11 4 8 3 10 5 1 9 7 12 2"
chr15a,Greedy,15,10,46604,46604,55992.20,63866,9896,370.937753,0.000003,0.000003,0.000006,0.0,0.0,"5 1 14 2 15 11 12 9 13 6 3 4 10 7 8"
chr15a,2opt-SD,15,10,10704,10704,14693.00,19720,9896,8.164915,0.000110,0.000148,0.000212,8.3,976.5,"13 12 5 2 10 8 14 3 1 6 9 7 15 11 4"
chr15a,2opt-FI,15,10,11270,11270,15245.00,18880,9896,13.884398,0.000058,0.000079,0.000113,22.5,457.7,"8 15 5 14 4 13 3 2 10 6 7 12 9 1 11"
chr15b,Greedy,15,10,46476,46476,52182.20,58030,7990,481.677096,0.000002,0.000003,0.000005,0.0,0.0,"9 3 8 5 14 15 2 12 6 7 13 10 11 1 4"
chr15b,2opt-SD,15,10,11986,11986,13891.00,16770,7990,50.012516,0.000159,0.000198,0.000238,8.6,1008.0,"9 13 3 1 2 12 5 10 6 15 4 7 11 14 8"
chr15b,2opt-FI,15,10,11064,11064,13015.40,14466,7990,38.473091,0.000062,0.000090,0.000152,19.7,463.0,"2 14 13 7 9 4 5 6 15 12 1 3 10 11 8"
chr15c,Greedy,15,10,41104,41104,57783.60,72190,9504,332.491582,0.000002,0.000003,0.000004,0.0,0.0,"8 4 5 10 9 7 6 12 3 2 13 14 1 11 15"
chr15c,2opt-SD,15,10,11990,11990,15757.60,22410,9504,26.157407,0.000140,0.000193,0.000282,8.3,976.5,"10 8 12 5 15 14 4 6 1 3 7 9 2 11 13"
chr15c,2opt-FI,15,10,13456,13456,16086.60,20956,9504,41.582492,0.000034,0.000076,0.000125,16.6,433.6,"5 8 3 14 9 1 11 6 15 7 4 2 10 13 12"
chr18a,Greedy,18,10,52284,52284,60725.40,70202,11098,371.111912,0.000002,0.000003,0.000006,0.0,0.0,"7 16 18 11 14 13 17 4 3 10 1 6 9 2 12 8 5 15"
chr18a,2opt-SD,18,10,15916,15916,19087.40,22764,11098,43.413228,0.000203,0.000306,0.000578,10.8,1805.4,"3 6 4 11 14 5 2 18 8 17 7 13 9 12 1 15 16 10"
chr18a,2opt-FI,18,10,13864,13864,18539.20,22688,11098,24.923410,0.000079,0.000112,0.000239,24.9,650.7,"6 12 18 16 11 9 2 13 8 15 3 5 7 14 4 1 10 17"
chr18b,Greedy,18,10,3558,3558,4083.00,4540,1534,131.942634,0.000002,0.000003,0.000005,0.0,0.0,"7 13 17 16 14 3 10 18 15 4 12 9 11 6 5 8 1 2"
chr18b,2opt-SD,18,10,1538,1538,1754.20,1988,1534,0.260756,0.000194,0.000242,0.000293,8.7,1484.1,"12 15 9 18 8 17 5 16 6 7 3 10 2 13 1 14 4 11"
chr18b,2opt-FI,18,10,1610,1610,1825.20,2082,1534,4.954368,0.000115,0.000171,0.000268,22.0,656.2,"13 14 10 12 11 15 8 18 5 16 2 17 1 9 4 6 7 3"
chr20a,Greedy,20,10,7122,7122,8235.80,9476,2192,224.908759,0.000004,0.000006,0.000025,0.0,0.0,"15 18 8 10 19 2 20 3 11 4 14 12 5 16 13 17 9 6 1 7"
chr20a,2opt-SD,20,10,2716,2716,3295.00,3864,2192,23.905109,0.000279,0.000533,0.000743,9.8,2052.0,"10 4 5 2 14 17 12 13 11 20 6 18 15 9 8 3 19 1 16 7"
chr20a,2opt-FI,20,10,2968,2968,3536.20,4380,2192,35.401460,0.000129,0.000175,0.000255,24.6,655.7,"12 6 7 17 4 3 19 15 18 5 14 20 16 10 13 11 1 8 2 9"
chr20b,Greedy,20,10,8258,8258,10062.40,11286,2298,259.355962,0.000004,0.000004,0.000008,0.0,0.0,"6 18 7 4 9 14 19 16 2 15 17 10 8 12 11 3 13 20 1 5"
chr20b,2opt-SD,20,10,2680,2680,3164.00,3632,2298,16.623151,0.000534,0.000653,0.000896,12.0,2470.0,"2 13 16 4 1 15 19 8 18 20 10 3 17 7 5 12 11 6 9 14"
chr20b,2opt-FI,20,10,2964,2964,3264.40,3742,2298,28.981723,0.000112,0.000208,0.000383,24.1,790.6,"5 19 17 14 18 6 15 12 11 7 9 3 2 20 13 8 16 10 1 4"
chr20c,Greedy,20,10,67980,67980,77857.60,95490,14142,380.695800,0.000004,0.000004,0.000008,0.0,0.0,"2 1 16 11 4 12 19 18 8 10 6 20 5 7 15 3 17 13 9 14"
chr20c,2opt-SD,20,10,22718,22718,28912.80,36488,14142,60.642059,0.000512,0.000640,0.000729,11.6,2394.0,"13 4 1 16 8 12 20 7 9 17 6 11 14 19 3 18 5 10 2 15"
chr20c,2opt-FI,20,10,17364,17364,26715.00,34324,14142,22.783199,0.000184,0.000251,0.000395,36.1,932.1,"4 5 17 14 13 10 16 11 12 18 3 9 15 7 2 19 20 1 8 6"
chr22a,Greedy,22,10,11906,11906,13520.00,15820,6156,93.404808,0.000004,0.000005,0.000009,0.0,0.0,"1 21 17 19 13 11 14 2 22 6 9 18 20 5 3 10 12 16 7 15 8 4"
chr22a,2opt-SD,22,10,6432,6432,6835.40,7066,6156,4.483431,0.000593,0.001040,0.001526,14.4,3557.4,"6 2 5 13 3 1 7 18 19 16 10 22 17 11 4 15 20 21 9 14 12 8"
chr22a,2opt-FI,22,10,6550,6550,6919.00,7198,6156,6.400260,0.000133,0.000239,0.000378,35.0,1177.3,"4 16 17 12 13 5 15 7 21 11 3 20 19 8 9 1 14 10 6 22 18 2"
chr22b,Greedy,22,10,13344,13344,15426.00,17186,6194,115.434291,0.000003,0.000004,0.000007,0.0,0.0,"22 18 6 11 16 21 13 20 19 3 9 8 10 1 7 12 4 2 15 14 17 5"
chr22b,2opt-SD,22,10,6686,6686,7029.80,7356,6194,7.943171,0.000496,0.000725,0.001061,13.4,3326.4,"7 17 9 1 18 2 19 21 15 5 8 10 16 11 6 3 13 4 14 22 20 12"
chr22b,2opt-FI,22,10,6578,6578,6942.20,7620,6194,6.199548,0.000183,0.000321,0.000450,35.5,1105.8,"7 21 11 2 14 1 3 22 12 16 9 15 13 5 18 8 4 6 19 10 20 17"
chr25a,Greedy,25,10,16712,16712,18794.20,20046,3796,340.252898,0.000005,0.000006,0.000011,0.0,0.0,"1 25 20 18 19 8 17 10 22 5 12 23 3 6 9 7 15 2 16 21 13 11 14 4 24"
chr25a,2opt-SD,25,10,5222,5222,5780.40,6526,3796,37.565859,0.001698,0.001925,0.002266,18.3,5790.0,"24 11 21 10 15 9 7 4 19 8 13 5 17 12 25 23 16 3 18 1 6 20 14 22 2"
chr25a,2opt-FI,25,10,4910,4910,5800.80,6844,3796,29.346681,0.000334,0.000529,0.000841,45.7,1596.1,"5 25 10 3 16 1 18 8 20 11 22 6 2 23 7 9 13 4 19 24 17 12 14 21 15"
els19,Greedy,19,10,38260460,38260460,45538147.60,56778124,17212548,122.282372,0.000003,0.000004,0.000008,0.0,0.0,"7 6 8 12 9 18 16 5 4 11 2 10 3 15 19 14 17 1 13"
els19,2opt-SD,19,10,17937024,17937024,21646449.80,27614198,17212548,4.208999,0.000573,0.000740,0.000843,15.9,2889.9,"15 16 8 19 14 18 10 17 4 11 5 13 12 6 7 9 1 2 3"
els19,2opt-FI,19,10,19692188,19692188,22517000.80,27366208,17212548,14.406002,0.000159,0.000219,0.000281,44.5,846.5,"11 8 6 12 16 18 10 17 7 15 4 13 14 5 9 19 1 2 3"
esc128,Greedy,128,10,162,162,169.80,200,64,153.125000,0.000082,0.000088,0.000099,0.0,0.0,"53 60 61 62 97 63 64 14 2 3 4 5 6 67 7 69 22 9 10 11 12 13 49 15 16 33 18 70 19 20 79 21 82 8 80 86 34 35 36 75 37 74 84 38 39 40 85 76 41 42 77 43 87 44 45 59 47 48 1 50 51 71 52 68 26 94 54 55 93 56 91 57 90 58 95 46 89 118 92 81 73 119 120 121 122 123 96 83 124 125 126 127 66 88 128 101 23 24 25 113 27 28 29 30 31 32 17 98 99 100 72 117 78 102 103 104 105 106 107 108 109 110 111 112 65 114 115 116"
esc128,2opt-SD,128,10,68,68,72.20,80,64,6.250000,0.200463,0.236610,0.273526,20.7,176377.6,"81 107 78 58 54 74 84 43 73 95 128 71 53 59 16 27 82 56 32 1 77 5 47 39 20 91 14 118 119 4 44 45 100 104 36 108 26 50 68 123 49 124 122 110 89 67 80 48 87 8 64 10 96 93 127 9 40 7 76 38 18 113 125 121 60 42 30 55 41 35 34 17 33 25 98 31 105 115 97 106 85 116 72 37 70 102 86 94 11 13 52 103 57 88 21 19 46 83 126 62 114 111 66 69 3 51 120 15 63 12 24 61 22 101 90 6 29 28 92 117 79 109 112 2 65 23 99 75"
esc128,2opt-FI,128,10,64,64,71.00,82,64,0.000000,0.023768,0.031066,0.038654,59.4,25347.8,"67 4 42 84 15 123 34 9 3 93 105 74 41 60 44 59 106 6 7 122 61 81 120 78 70 95 48 11 86 99 113 80 114 111 49 50 24 79 91 23 20 21 22 27 121 103 30 26 1 100 10 102 14 88 96 66 17 65 126 72 83 108 46 76 64 40 124 62 55 32 39 12 37 119 56 71 53 85 38 54 31 18 127 28 82 101 13 16 89 36 25 47 33 29 128 8 112 115 52 58 94 107 97 75 19 69 90 63 43 118 73 45 77 98 35 110 92 5 68 57 109 125 116 117 51 87 2 104"
esc16a,Greedy,16,10,72,72,80.20,96,68,5.882353,0.000002,0.000004,0.000015,0.0,0.0,"1 5 9 7 6 10 8 3 4 2 11 12 13 15 14 16"
esc16a,2opt-SD,16,10,68,68,70.40,74,68,0.000000,0.000072,0.000113,0.000140,5.0,720.0,"4 8 7 15 2 10 9 3 11 12 14 6 1 16 5 13"
esc16a,2opt-FI,16,10,68,68,72.20,76,68,0.000000,0.000045,0.000053,0.000088,9.3,325.1,"7 4 6 8 11 13 15 5 1 3 12 9 16 10 2 14"
esc16b,Greedy,16,10,292,292,300.80,318,292,0.000000,0.000002,0.000002,0.000004,0.0,0.0,"13 4 5 2 6 1 7 8 9 10 3 15 11 12 16 14"
esc16b,2opt-SD,16,10,292,292,292.00,292,292,0.000000,0.000070,0.000084,0.000110,3.5,540.0,"13 14 10 5 7 1 4 6 8 3 2 15 11 12 16 9"
esc16b,2opt-FI,16,10,292,292,292.00,292,292,0.000000,0.000032,0.000040,0.000050,6.2,254.8,"7 12 10 1 2 5 4 16 14 8 6 3 11 9 13 15"
esc16c,Greedy,16,10,188,188,205.00,228,160,17.500000,0.000002,0.000002,0.000004,0.0,0.0,"12 9 10 5 11 8 13 14 6 2 3 1 4 7 16 15"
esc16c,2opt-SD,16,10,160,160,161.80,164,160,0.000000,0.000108,0.000129,0.000162,5.9,828.0,"10 7 5 3 1 4 2 9 12 13 16 15 11 8 14 6"
esc16c,2opt-FI,16,10,160,160,163.00,168,160,0.000000,0.000042,0.000064,0.000154,12.7,356.4,"2 13 9 14 10 16 12 11 5 15 6 8 7 4 1 3"
esc16d,Greedy,16,10,28,28,39.80,54,16,75.000000,0.000002,0.000002,0.000004,0.0,0.0,"9 4 5 11 12 15 10 13 2 6 14 1 7 8 3 16"
esc16d,2opt-SD,16,10,16,16,17.20,20,16,0.000000,0.000074,0.000101,0.000126,4.5,660.0,"3 13 10 2 1 6 9 5 11 7 8 15 14 16 12 4"
esc16d,2opt-FI,16,10,16,16,17.80,22,16,0.000000,0.000032,0.000052,0.000076,9.1,338.1,"5 13 8 3 1 2 9 6 15 14 16 11 4 12 7 10"
esc16e,Greedy,16,10,32,32,39.80,62,28,14.285714,0.000002,0.000002,0.000003,0.0,0.0,"5 8 13 6 7 1 3 2 4 10 11 12 9 14 15 16"
esc16e,2opt-SD,16,10,30,30,31.40,32,28,7.142857,0.000054,0.000081,0.000112,3.5,540.0,"16 2 14 10 3 11 12 9 15 6 1 4 7 5 8 13"
esc16e,2opt-FI,16,10,28,28,29.80,32,28,0.000000,0.000029,0.000046,0.000056,6.9,297.6,"3 5 1 7 12 8 4 16 15 11 10 13 2 14 9 6"
esc16f,Greedy,16,10,0,0,0.00,0,0,N/A,0.000002,0.000002,0.000003,0.0,0.0,"1 2 3 4 10 6 7 8 9 5 11 12 13 14 15 16"
esc16f,2opt-SD,16,10,0,0,0.00,0,0,N/A,0.000018,0.000019,0.000020,0.0,120.0,"1 12 9 3 4 13 8 15 6 16 7 10 5 2 14 11"
esc16f,2opt-FI,16,10,0,0,0.00,0,0,N/A,0.000018,0.000019,0.000020,0.0,120.0,"15 16 3 11 2 6 13 7 14 4 9 12 8 10 5 1"
esc16g,Greedy,16,10,42,42,50.40,62,26,61.538462,0.000002,0.000002,0.000003,0.0,0.0,"8 1 6 4 5 2 7 3 9 10 11 12 13 14 15 16"
esc16g,2opt-SD,16,10,26,26,31.00,38,26,0.000000,0.000055,0.000090,0.000123,3.9,588.0,"3 5 13 6 1 2 10 14 7 12 15 11 4 9 16 8"
esc16g,2opt-FI,16,10,26,26,27.80,32,26,0.000000,0.000032,0.000046,0.000062,6.5,299.4,"15 8 4 6 16 14 10 2 7 9 3 11 1 5 12 13"
esc16h,Greedy,16,10,996,996,1046.60,1228,996,0.000000,0.000002,0.000002,0.000003,0.0,0.0,"13 14 15 8 3 2 1 4 5 6 7 9 10 11 12 16"
esc16h,2opt-SD,16,10,996,996,996.00,996,996,0.000000,0.000073,0.000091,0.000108,3.9,588.0,"9 3 1 7 6 5 13 15 16 8 14 4 12 2 10 11"
esc16h,2opt-FI,16,10,996,996,996.00,996,996,0.000000,0.000028,0.000054,0.000073,12.3,357.2,"14 9 13 6 5 3 7 2 1 8 4 11 15 16 12 10"
esc16i,Greedy,16,10,32,32,45.00,64,14,128.571429,0.000002,0.000002,0.000003,0.0,0.0,"8 6 3 1 2 4 5 7 13 10 11 12 9 14 15 16"
esc16i,2opt-SD,16,10,14,14,14.00,14,14,0.000000,0.000056,0.000089,0.000110,3.8,576.0,"14 6 16 8 7 3 15 11 9 2 5 12 4 13 1 10"
esc16i,2opt-FI,16,10,14,14,14.00,14,14,0.000000,0.000032,0.000042,0.000059,8.5,273.2,"2 6 1 5 13 15 7 16 8 14 11 9 10 3 4 12"
esc16j,Greedy,16,10,16,16,21.40,30,8,100.000000,0.000002,0.000002,0.000003,0.0,0.0,"5 8 9 13 1 6 2 4 11 12 10 14 3 7 15 16"
esc16j,2opt-SD,16,10,8,8,9.00,12,8,0.000000,0.000037,0.000080,0.000125,3.4,528.0,"10 6 4 12 1 13 5 2 3 16 8 11 9 14 15 7"
esc16j,2opt-FI,16,10,8,8,10.40,12,8,0.000000,0.000030,0.000043,0.000080,5.5,283.7,"16 6 5 13 4 11 3 8 10 15 7 9 12 14 2 1"
esc32a,Greedy,32,10,336,336,365.80,404,N/A,N/A,0.000005,0.000007,0.000019,0.0,0.0,"20 22 28 27 13 12 7 21 25 9 1 14 18 19 24 29 15 32 26 8 30 16 23 31 10 11 17 6 5 4 3 2"
esc32a,2opt-SD,32,10,140,140,157.00,174,N/A,N/A,0.001312,0.001792,0.002239,16.0,8432.0,"9 25 26 28 27 11 2 21 31 6 12 3 13 29 30 23 1 32 16 18 24 15 22 8 5 19 7 20 10 4 14 17"
esc32a,2opt-FI,32,10,154,154,160.00,168,N/A,N/A,0.000466,0.000599,0.000838,39.0,2019.8,"26 25 27 11 1 10 4 24 9 3 30 16 18 17 31 8 32 15 29 13 5 28 6 7 20 14 23 22 12 21 19 2"
esc32b,Greedy,32,10,400,400,414.80,432,N/A,N/A,0.000005,0.000005,0.000007,0.0,0.0,"20 17 19 18 1 16 15 14 13 12 11 21 10 22 8 24 25 26 27 28 29 30 31 32 9 23 7 6 5 4 3 2"
esc32b,2opt-SD,32,10,196,196,212.40,232,N/A,N/A,0.001529,0.001930,0.002446,15.5,8184.0,"7 23 3 11 31 27 1 19 2 18 17 22 8 12 4 20 10 28 29 25 21 30 9 26 13 6 14 24 16 5 15 32"
esc32b,2opt-FI,32,10,192,192,218.40,240,N/A,N/A,0.000342,0.000443,0.000665,32.3,1946.4,"14 6 16 12 2 4 30 22 29 25 21 17 15 9 32 31 11 27 5 7 23 1 3 19 24 18 8 28 13 20 26 10"
esc32c,Greedy,32,10,678,678,722.40,792,N/A,N/A,0.000005,0.000005,0.000008,0.0,0.0,"15 18 14 16 21 26 1 19 24 23 17 30 29 27 22 31 25 32 28 20 13 12 11 10 9 8 7 6 5 4 3 2"
esc32c,2opt-SD,32,10,642,642,644.60,668,N/A,N/A,0.000861,0.001304,0.001859,10.8,5852.8,"10 15 13 26 22 3 1 18 2 24 5 7 8 21 19 23 6 20 4 17 32 9 30 29 28 16 27 14 12 11 25 31"
esc32c,2opt-FI,32,10,642,642,644.80,662,N/A,N/A,0.000284,0.000488,0.000821,33.7,1890.7,"20 27 26 28 15 31 22 11 19 3 29 13 5 21 23 17 7 1 25 9 30 8 32 2 16 18 4 14 10 6 24 12"
esc32d,Greedy,32,10,248,248,273.60,292,N/A,N/A,0.000005,0.000006,0.000010,0.0,0.0,"22 29 18 16 20 21 30 26 31 23 28 19 1 24 25 32 27 17 2 3 4 5 6 7 8 9 10 11 12 13 14 15"
esc32d,2opt-SD,32,10,212,212,219.40,224,N/A,N/A,0.000941,0.001176,0.001339,9.8,5356.8,"18 12 1 2 9 16 27 32 28 20 11 17 24 25 14 26 30 10 19 23 3 29 4 7 31 13 8 15 5 22 6 21"
esc32d,2opt-FI,32,10,202,202,212.20,218,N/A,N/A,0.000280,0.000375,0.000545,27.5,1635.2,"10 5 32 26 16 4 7 15 8 13 6 30 29 14 3 1 9 2 24 19 31 23 25 12 27 22 20 17 11 21 28 18"
esc32e,Greedy,32,10,36,36,52.40,72,2,1700.000000,0.000005,0.000005,0.000008,0.0,0.0,"13 2 3 4 5 6 27 28 32 7 8 9 25 26 10 11 29 30 17 31 12 23 22 21 20 24 18 1 16 15 14 19"
esc32e,2opt-SD,32,10,2,2,2.00,2,2,0.000000,0.000323,0.000476,0.000577,3.5,2232.0,"32 20 13 15 2 29 19 4 21 10 22 1 26 18 27 11 12 24 17 8 30 6 5 7 14 25 16 28 31 3 23 9"
esc32e,2opt-FI,32,10,2,2,2.00,2,2,0.000000,0.000193,0.000251,0.000393,5.8,946.6,"29 9 8 32 22 31 27 6 28 11 25 4 24 20 7 15 5 2 19 10 23 3 1 18 21 16 26 14 17 13 30 12"
esc32f,Greedy,32,10,40,40,52.00,64,2,1900.000000,0.000005,0.000005,0.000007,0.0,0.0,"13 2 3 4 5 6 32 28 27 7 8 9 25 26 10 17 29 30 11 31 12 23 22 21 20 24 18 1 16 15 14 19"
esc32f,2opt-SD,32,10,2,2,2.00,2,2,0.000000,0.000421,0.000605,0.000707,3.3,2132.8,"25 18 1 13 16 11 31 20 15 8 12 14 6 22 19 5 4 29 32 21 23 2 9 17 3 10 24 30 26 7 27 28"
esc32f,2opt-FI,32,10,2,2,2.00,2,2,0.000000,0.000169,0.000231,0.000276,6.9,880.2,"11 9 32 4 14 21 10 27 18 25 15 20 19 23 28 29 31 2 26 1 8 13 16 17 24 30 7 3 12 6 22 5"
esc32g,Greedy,32,10,34,34,36.80,46,6,466.666667,0.000004,0.000004,0.000006,0.0,0.0,"23 28 30 17 32 2 27 3 4 25 29 6 31 7 8 9 10 11 12 13 14 15 16 1 18 19 20 22 24 5 26 21"
esc32g,2opt-SD,32,10,6,6,6.20,8,6,0.000000,0.000383,0.000470,0.000679,3.7,2331.2,"20 14 6 5 13 9 15 7 25 4 11 23 12 2 26 3 27 22 32 8 10 21 18 24 28 1 30 29 17 19 31 16"
esc32g,2opt-FI,32,10,6,6,6.00,6,6,0.000000,0.000151,0.000243,0.000331,8.9,1187.6,"24 3 1 2 4 12 21 27 13 30 29 23 25 28 20 31 22 16 26 18 9 19 5 6 14 15 10 11 32 8 17 7"
esc32h,Greedy,32,10,506,506,531.20,558,N/A,N/A,0.000004,0.000004,0.000006,0.0,0.0,"32 2 31 29 3 4 30 22 17 5 16 15 26 24 25 27 28 14 18 1 7 8 9 19 20 21 10 11 13 23 12 6"
esc32h,2opt-SD,32,10,444,444,458.20,470,N/A,N/A,0.001077,0.001550,0.002063,12.3,6596.8,"22 3 23 32 9 4 31 5 21 2 1 17 7 13 24 30 29 20 15 12 10 19 25 16 14 8 18 11 27 6 28 26"
esc32h,2opt-FI,32,10,442,442,451.20,474,N/A,N/A,0.000395,0.000497,0.000744,30.3,1801.1,"20 27 6 18 15 19 2 32 30 21 29 31 24 22 14 10 26 17 7 16 1 9 3 8 4 28 23 25 11 12 5 13"
esc64a,Greedy,64,10,174,174,183.40,220,N/A,N/A,0.000016,0.000017,0.000020,0.0,0.0,"56 12 54 47 13 42 14 40 15 34 39 16 1 49 35 18 38 19 37 33 20 53 21 11 23 24 44 46 25 48 26 52 51 27 50 28 41 29 45 30 31 32 22 36 57 43 59 61 63 2 4 7 8 9 10 6 5 3 55 64 62 60 58 17"
esc64a,2opt-SD,64,10,116,116,119.00,124,N/A,N/A,0.012986,0.016354,0.022278,12.4,27014.4,"3 47 11 25 6 19 5 52 8 49 17 26 2 18 50 32 34 60 51 57 16 20 22 14 45 30 61 31 46 15 28 63 48 24 44 27 33 10 62 53 36 7 23 1 13 35 59 58 43 29 21 55 4 41 9 64 37 54 56 38 40 39 12 42"
esc64a,2opt-FI,64,10,116,116,118.40,122,N/A,N/A,0.001876,0.002574,0.002937,29.2,5210.8,"59 61 22 40 31 42 15 44 10 36 58 16 28 48 46 45 64 57 50 35 43 47 3 41 9 23 51 8 37 6 27 24 54 39 56 32 34 30 55 38 29 49 53 52 25 60 18 20 26 17 1 4 7 5 14 62 13 63 11 33 2 12 19 21"
had12,Greedy,12,10,1760,1760,1795.00,1862,1652,6.537530,0.000001,0.000002,0.000004,0.0,0.0,"3 1 5 2 12 6 7 10 4 11 9 8"
had12,2opt-SD,12,10,1652,1652,1669.20,1702,1652,0.000000,0.000033,0.000058,0.000075,7.4,554.4,"3 10 11 2 12 5 6 7 8 1 4 9"
had12,2opt-FI,12,10,1652,1652,1671.60,1694,1652,0.000000,0.000021,0.000027,0.000034,17.4,252.9,"3 10 11 2 12 5 7 6 8 1 4 9"
had14,Greedy,14,10,2928,2928,3028.60,3112,2724,7.488987,0.000001,0.000002,0.000003,0.0,0.0,"8 3 11 10 2 5 12 14 1 7 6 13 9 4"
had14,2opt-SD,14,10,2726,2726,2752.40,2876,2724,0.073421,0.000072,0.000115,0.000147,9.9,991.9,"8 13 10 11 12 14 2 5 3 7 6 1 9 4"
had14,2opt-FI,14,10,2724,2724,2746.40,2764,2724,0.000000,0.000036,0.000047,0.000064,26.4,376.7,"8 13 10 11 12 5 2 14 3 6 7 1 9 4"
had16,Greedy,16,10,3946,3946,4167.60,4266,3720,6.075269,0.000002,0.000002,0.000004,0.0,0.0,"3 4 5 9 2 11 7 14 1 12 6 16 13 15 10 8"
had16,2opt-SD,16,10,3720,3720,3756.40,3826,3720,0.000000,0.000167,0.000207,0.000284,12.3,1596.0,"9 4 16 1 7 8 6 11 15 14 12 10 5 3 2 13"
had16,2opt-FI,16,10,3724,3724,3743.20,3778,3720,0.107527,0.000038,0.000070,0.000102,30.7,525.7,"9 4 16 1 7 8 6 11 15 14 12 5 2 13 10 3"
had18,Greedy,18,10,5558,5558,5617.80,5708,5358,3.732736,0.000002,0.000002,0.000005,0.0,0.0,"4 1 18 6 7 10 12 16 14 2 11 15 13 8 5 17 3 9"
had18,2opt-SD,18,10,5382,5382,5423.60,5484,5358,0.447928,0.000254,0.000312,0.000419,13.1,2157.3,"3 10 12 14 11 6 17 18 2 7 1 8 15 4 16 9 5 13"
had18,2opt-FI,18,10,5364,5364,5416.00,5450,5358,0.111982,0.000082,0.000097,0.000115,32.0,650.1,"17 15 16 8 7 6 18 10 1 14 12 11 5 13 2 3 9 4"
had20,Greedy,20,10,7340,7340,7436.40,7484,6922,6.038717,0.000002,0.000003,0.000005,0.0,0.0,"13 17 11 14 19 12 7 18 5 10 16 6 15 4 1 3 20 9 2 8"
had20,2opt-SD,20,10,6924,6924,6978.40,7092,6922,0.028893,0.000338,0.000469,0.000676,14.6,2964.0,"8 15 16 6 7 18 14 11 1 12 10 17 2 20 5 3 4 9 19 13"
had20,2opt-FI,20,10,6922,6922,7024.80,7106,6922,0.000000,0.000092,0.000137,0.000242,39.6,862.2,"8 15 1 14 19 6 7 17 16 12 10 11 5 20 2 3 4 9 18 13"
kra30a,Greedy,30,10,119530,119530,123037.00,126930,88900,34.454443,0.000004,0.000005,0.000008,0.0,0.0,"9 24 19 21 5 4 15 18 2 1 29 30 23 14 28 8 20 25 6 26 16 11 13 7 17 3 10 22 12 27"
kra30a,2opt-SD,30,10,93470,93470,96176.00,101210,88900,5.140607,0.001597,0.001929,0.003008,20.1,9178.5,"29 23 24 19 15 26 30 13 14 18 25 28 10 27 21 22 5 3 20 4 2 6 7 16 17 11 9 8 1 12"
kra30a,2opt-FI,30,10,94640,94640,96566.00,99360,88900,6.456693,0.000415,0.000504,0.000755,52.1,2192.5,"15 10 28 24 4 5 8 23 2 22 7 29 21 20 25 26 30 14 18 16 17 13 27 6 11 12 19 3 1 9"
kra30b,Greedy,30,10,120940,120940,123144.00,126970,N/A,N/A,0.000004,0.000005,0.000008,0.0,0.0,"10 13 14 20 4 22 2 16 5 3 17 6 24 9 28 19 18 25 15 1 8 11 26 23 12 7 21 27 29 30"
kra30b,2opt-SD,30,10,92740,92740,96288.00,100390,N/A,N/A,0.001399,0.001923,0.002781,20.5,9352.5,"24 22 15 6 5 4 3 2 17 11 1 16 25 26 18 19 10 28 29 21 20 23 7 8 12 13 9 30 14 27"
kra30b,2opt-FI,30,10,95180,95180,96370.00,98160,N/A,N/A,0.000343,0.000473,0.000575,56.8,2107.3,"2 4 15 5 1 22 6 17 16 3 26 18 25 30 27 20 8 28 21 7 9 12 11 13 29 23 14 24 19 10"
lipa20a,Greedy,20,10,3907,3907,3931.90,3955,3683,6.081998,0.000002,0.000003,0.000005,0.0,0.0,"14 3 17 15 16 19 5 20 9 11 2 4 1 6 13 12 18 7 10 8"
lipa20a,2opt-SD,20,10,3713,3713,3778.30,3813,3683,0.814553,0.000226,0.000369,0.000505,11.5,2375.0,"13 17 4 1 5 9 10 12 7 19 20 6 3 11 14 15 16 8 2 18"
lipa20a,2opt-FI,20,10,3752,3752,3783.80,3801,3683,1.873473,0.000065,0.000126,0.000205,24.1,807.5,"19 9 7 1 5 14 10 12 4 17 20 6 18 3 15 11 13 8 2 16"
lipa20b,Greedy,20,10,33732,33732,34942.90,36266,27076,24.582656,0.000002,0.000003,0.000005,0.0,0.0,"6 2 3 9 4 11 10 8 18 7 13 12 1 14 5 19 17 20 16 15"
lipa20b,2opt-SD,20,10,29862,29862,31427.40,31942,27076,10.289555,0.000231,0.000303,0.000497,9.6,2014.0,"20 11 17 19 5 6 12 8 9 10 2 7 16 15 14 13 3 18 4 1"
lipa20b,2opt-FI,20,10,27076,27076,30897.00,31704,27076,0.000000,0.000090,0.000157,0.000229,27.2,1025.2,"1 2 3 4 5 6 7 8 9 10 11 12 13 14 15 16 17 18 19 20"
lipa30a,Greedy,30,10,13796,13796,13844.20,13892,13178,4.689634,0.000004,0.000004,0.000007,0.0,0.0,"25 20 16 14 29 8 22 19 11 3 17 24 26 9 12 4 5 10 30 7 23 18 2 15 21 13 6 1 27 28"
lipa30a,2opt-SD,30,10,13405,13405,13445.90,13492,13178,1.722568,0.000988,0.001436,0.001823,15.7,7264.5,"25 21 22 3 24 12 19 16 18 26 11 23 15 28 27 4 2 6 29 13 1 17 20 5 7 9 10 30 8 14"
lipa30a,2opt-FI,30,10,13395,13395,13436.40,13462,13178,1.646684,0.000228,0.000364,0.000500,40.6,2024.9,"5 25 19 16 26 21 10 12 1 6 29 4 30 27 7 8 22 14 23 3 13 20 17 9 28 18 11 15 24 2"
lipa30b,Greedy,30,10,190146,190146,192199.20,194091,151426,25.570246,0.000003,0.000004,0.000006,0.0,0.0,"27 2 3 4 25 1 15 13 17 7 11 5 21 29 8 14 12 18 19 20 23 22 10 9 26 24 6 28 16 30"
lipa30b,2opt-SD,30,10,176254,176254,177829.70,179436,151426,16.396127,0.000891,0.001426,0.002184,15.6,7221.0,"4 9 18 10 8 21 17 15 25 27 22 23 6 26 7 11 30 5 13 16 29 12 24 3 1 20 19 28 2 14"
lipa30b,2opt-FI,30,10,176011,176011,177249.20,179005,151426,16.235653,0.000346,0.000463,0.000638,47.0,2121.9,"8 29 3 2 6 4 13 7 18 21 11 23 9 14 24 19 20 17 27 16 26 22 12 5 15 1 10 28 25 30"
lipa40a,Greedy,40,10,32710,32710,32735.70,32780,31538,3.716152,0.000006,0.000007,0.000010,0.0,0.0,"25 11 35 38 9 20 8 30 31 32 12 2 5 10 15 16 22 18 37 39 26 33 27 21 3 14 13 1 29 6 28 40 7 19 36 34 24 17 4 23"
lipa40a,2opt-SD,40,10,31940,31940,32012.40,32076,31538,1.274653,0.003519,0.005002,0.006455,22.0,17940.0,"4 38 25 3 8 6 18 10 7 29 31 2 22 13 9 27 5 24 33 1 35 19 32 14 28 26 37 40 12 36 17 16 11 21 23 15 34 39 30 20"
lipa40a,2opt-FI,40,10,31969,31969,32017.70,32056,31538,1.366605,0.000739,0.001221,0.001926,60.2,4736.8,"2 16 19 24 28 12 8 32 7 36 29 27 34 17 10 25 31 1 30 5 23 33 26 13 21 35 37 20 18 9 3 40 22 6 14 15 11 38 39 4"
lipa40b,Greedy,40,10,591447,591447,596290.60,599324,476581,24.102094,0.000006,0.000007,0.000010,0.0,0.0,"3 5 13 4 22 40 7 8 35 15 17 11 14 1 2 10 34 18 30 38 21 16 33 19 25 6 27 28 29 31 9 32 12 23 26 36 37 20 39 24"
lipa40b,2opt-SD,40,10,560916,560916,565639.60,569205,476581,17.695838,0.003524,0.005402,0.007692,25.2,20436.0,"37 26 1 13 18 23 36 32 28 7 21 6 20 40 16 19 27 17 30 29 14 11 38 3 34 35 2 12 4 22 25 24 9 5 31 33 39 15 8 10"
lipa40b,2opt-FI,40,10,560912,560912,564408.70,567997,476581,17.694998,0.000683,0.001100,0.001686,66.0,5121.2,"33 2 14 11 9 5 27 25 30 37 32 28 24 31 29 23 12 7 19 35 21 4 10 22 40 36 3 1 6 39 15 13 20 16 34 26 8 38 18 17"
lipa50a,Greedy,50,10,64027,64027,64105.30,64173,62093,3.114683,0.000007,0.000007,0.000010,0.0,0.0,"8 1 15 38 2 24 33 40 32 13 26 44 34 35 42 19 5 43 45 29 30 46 36 31 10 27 3 22 41 14 47 21 39 9 37 4 23 48 11 20 6 12 28 49 7 50 16 18 25 17"
lipa50a,2opt-SD,50,10,62861,62861,62911.70,63036,62093,1.236854,0.006632,0.010363,0.016056,27.3,34667.5,"21 6 9 40 36 47 14 17 2 33 30 44 37 1 13 31 50 45 25 32 5 20 15 41 8 49 39 29 3 28 26 48 22 34 4 7 16 12 11 38 19 27 43 35 46 24 18 42 10 23"
lipa50a,2opt-FI,50,10,62747,62747,62867.20,62973,62093,1.053259,0.001010,0.002462,0.003932,86.0,8355.8,"36 13 37 34 16 26 32 44 12 33 15 49 29 5 21 19 38 2 23 25 18 3 8 27 7 40 39 47 46 50 31 9 48 6 4 11 14 35 42 45 17 1 24 20 30 22 43 41 10 28"
lipa50b,Greedy,50,10,1527604,1527604,1536799.30,1542016,1210244,26.222811,0.000007,0.000009,0.000013,0.0,0.0,"25 35 22 21 45 6 46 26 4 10 50 20 34 41 38 18 16 17 44 37 39 3 48 15 11 24 23 12 8 43 31 2 40 19 32 30 27 1 9 13 14 42 29 5 49 7 47 28 36 33"
lipa50b,2opt-SD,50,10,1430515,1430515,1439430.80,1451290,1210244,18.200545,0.007584,0.010924,0.014058,27.4,34790.0,"13 29 9 20 30 27 36 46 21 48 22 17 42 6 34 3 32 35 7 28 23 41 31 49 19 4 14 47 38 10 1 16 26 8 43 24 40 5 25 2 11 12 39 37 18 50 45 15 44 33"
lipa50b,2opt-FI,50,10,1210244,1210244,1413245.10,1443369,1210244,0.000000,0.002028,0.003063,0.005078,92.8,10258.7,"1 2 3 4 5 6 7 8 9 10 11 12 13 14 15 16 17 18 19 20 21 22 23 24 25 26 27 28 29 30 31 32 33 34 35 36 37 38 39 40 41 42 43 44 45 46 47 48 49 50"
lipa60a,Greedy,60,10,110278,110278,110407.60,110449,107218,2.853998,0.000010,0.000011,0.000014,0.0,0.0,"3 51 10 55 20 43 60 36 35 15 30 23 56 17 46 22 12 26 31 21 16 13 42 50 29 5 45 37 11 48 2 19 9 14 44 57 53 24 33 40 18 6 47 8 32 27 52 49 41 58 38 59 28 7 4 39 54 25 1 34"
lipa60a,2opt-SD,60,10,108318,108318,108406.20,108506,107218,1.025947,0.018557,0.021884,0.027140,34.9,63543.0,"3 37 8 16 52 9 34 58 48 51 49 33 35 18 46 40 53 4 42 50 28 14 45 23 32 54 31 41 11 24 43 20 59 29 56 55 5 15 44 22 27 60 1 47 13 7 10 30 26 57 25 17 21 2 19 38 39 6 36 12"
lipa60a,2opt-FI,60,10,108297,108297,108385.10,108479,107218,1.006361,0.001889,0.003597,0.005093,106.7,11758.0,"5 50 10 31 29 32 58 14 16 3 25 9 7 26 53 28 17 43 45 24 6 56 46 23 13 4 12 37 55 41 15 11 36 49 33 42 19 52 51 2 47 8 38 18 44 59 34 20 1 22 54 57 30 60 27 39 21 48 35 40"
lipa60b,Greedy,60,10,3195312,3195312,3209783.90,3218723,2520135,26.791303,0.000009,0.000010,0.000013,0.0,0.0,"51 52 12 28 50 32 58 8 9 30 11 26 16 44 36 13 15 18 19 22 21 39 34 57 7 42 27 4 37 56 31 40 24 38 23 54 45 2 20 6 41 35 43 14 46 5 49 48 59 29 10 47 53 25 55 3 33 1 60 17"
lipa60b,2opt-SD,60,10,3003547,3003547,3021125.50,3038071,2520135,19.181988,0.013696,0.019383,0.024996,37.4,67968.0,"6 18 47 34 59 53 36 26 12 28 2 44 48 14 15 29 49 52 4 3 11 16 7 41 51 10 39 58 30 1 54 35 8 23 19 50 43 37 27 38 55 60 13 17 57 5 31 46 56 45 24 21 22 33 32 9 20 25 42 40"
lipa60b,2opt-FI,60,10,3004438,3004438,3021641.70,3041237,2520135,19.217344,0.002349,0.004336,0.007294,111.2,16340.0,"2 50 45 38 35 56 19 55 9 31 48 46 41 6 30 43 54 53 12 11 16 29 1 18 4 17 8 7 34 27 36 60 44 26 33 24 51 22 52 14 3 49 57 47 15 58 40 42 13 5 21 10 28 32 20 39 23 59 25 37"
lipa70a,Greedy,70,10,173768,173768,173828.40,173928,169755,2.363995,0.000012,0.000013,0.000017,0.0,0.0,"9 6 11 22 36 47 55 70 3 7 4 38 51 66 58 46 18 33 68 13 39 43 35 14 40 32 60 5 19 10 29 1 26 48 41 64 50 67 12 31 21 54 25 34 15 17 24 42 23 16 2 69 28 8 63 30 65 20 53 49 56 27 44 45 37 52 59 61 57 62"
lipa70a,2opt-SD,70,10,171231,171231,171356.90,171484,169755,0.869488,0.028324,0.032297,0.037939,41.7,103120.5,"50 40 68 60 56 52 70 61 2 6 15 43 67 18 66 64 22 31 63 48 25 24 28 23 27 12 16 39 45 26 38 59 57 35 47 11 29 44 10 54 58 55 32 51 34 37 7 5 4 49 65 21 1 36 69 46 3 41 53 9 62 42 17 13 14 20 8 19 33 30"
lipa70a,2opt-FI,70,10,171257,171257,171400.80,171543,169755,0.884805,0.002919,0.004225,0.005819,125.4,14107.7,"56 66 30 10 63 61 40 69 20 67 54 68 18 34 31 15 26 4 6 14 45 59 36 25 21 22 16 24 17 35 11 23 5 2 64 44 43 42 12 53 13 48 27 37 29 62 33 47 58 39 32 8 65 3 49 9 70 41 1 55 38 52 28 50 7 46 60 51 19 57"
lipa70b,Greedy,70,10,5937191,5937191,5950193.50,5978617,4603200,28.979645,0.000012,0.000013,0.000016,0.0,0.0,"41 28 66 46 9 60 49 42 5 10 26 47 13 14 15 8 17 58 32 44 21 50 2 24 12 36 67 69 29 11 52 35 51 34 43 4 25 7 39 19 6 16 40 57 56 33 62 65 64 22 3 37 53 31 70 63 54 18 45 48 27 59 38 20 30 55 61 68 23 1"
lipa70b,2opt-SD,70,10,5518962,5518962,5552743.30,5567835,4603200,19.894030,0.022123,0.034397,0.058731,44.9,110848.5,"20 59 2 30 33 65 32 53 43 49 10 61 14 4 34 27 24 44 41 6 3 68 8 23 1 58 63 28 55 11 64 56 35 15 39 9 17 40 29 48 19 7 38 16 70 5 21 37 52 50 62 46 57 67 26 13 22 60 69 18 36 47 66 25 54 45 42 51 31 12"
lipa70b,2opt-FI,70,10,5522991,5522991,5545981.90,5563601,4603200,19.981556,0.005215,0.008745,0.022807,144.6,23695.0,"63 15 49 68 44 26 12 45 70 39 6 11 14 37 21 19 38 4 46 3 18 41 59 33 13 61 56 54 5 27 42 29 16 66 10 7 65 31 23 17 28 50 58 2 48 51 24 30 8 53 62 9 40 32 60 67 36 43 64 55 25 34 1 20 22 57 47 52 69 35"
lipa80a,Greedy,80,10,258294,258294,258380.90,258516,253195,2.013863,0.000014,0.000015,0.000020,0.0,0.0,"28 56 65 77 73 64 70 10 71 53 21 59 74 62 66 55 25 3 45 43 72 19 31 36 16 5 38 63 9 49 32 23 26 79 39 52 8 42 11 35 54 80 1 57 75 18 37 12 29 61 24 15 68 14 33 13 40 2 27 17 67 69 78 58 30 20 50 4 6 44 7 41 47 34 46 48 22 60 76 51"
lipa80a,2opt-SD,80,10,255236,255236,255381.20,255526,253195,0.806098,0.036461,0.044936,0.054713,46.0,148520.0,"47 36 75 10 53 8 27 9 62 51 38 34 64 1 49 55 19 50 45 32 33 63 37 16 29 79 76 70 11 60 5 72 4 78 12 3 56 61 46 77 58 48 44 42 30 73 59 54 74 21 43 26 35 2 15 39 71 67 31 14 52 25 41 17 68 20 65 22 66 57 40 24 13 80 18 28 23 6 69 7"
lipa80a,2opt-FI,80,10,255100,255100,255323.50,255606,253195,0.752385,0.004916,0.008945,0.022408,144.0,22037.3,"6 57 9 67 40 63 55 22 79 52 73 17 38 78 19 4 72 76 58 45 48 51 34 14 30 80 26 39 31 32 70 12 44 42 10 65 54 47 37 49 64 50 2 68 74 8 62 24 16 66 1 75 25 23 29 15 35 18 61 3 43 7 21 13 33 77 5 71 56 36 20 60 69 41 27 46 28 53 11 59"
lipa80b,Greedy,80,10,9982108,9982108,10012074.20,10029131,7763962,28.569769,0.000010,0.000012,0.000019,0.0,0.0,"57 13 69 20 16 4 63 32 49 62 42 61 40 14 68 31 2 18 19 47 21 7 60 17 43 75 24 79 37 78 36 64 67 54 65 5 15 38 39 27 34 8 50 6 25 22 41 48 28 58 1 35 71 44 74 77 26 45 3 76 12 59 23 70 56 30 29 33 55 73 72 10 11 66 80 46 52 53 9 51"
lipa80b,2opt-SD,80,10,9424887,9424887,9451779.40,9494256,7763962,21.392750,0.038906,0.046459,0.054672,47.1,151996.0,"8 35 67 44 16 40 2 6 65 4 9 21 22 72 57 5 76 56 19 30 10 45 3 52 70 29 41 58 73 53 11 17 26 13 77 36 51 79 62 12 14 25 39 28 18 15 24 68 54 47 69 23 71 46 7 50 48 33 42 49 27 64 37 55 32 80 31 43 61 63 74 1 20 60 34 38 78 75 66 59"
lipa80b,2opt-FI,80,10,9409738,9409738,9434979.60,9469565,7763962,21.197631,0.005055,0.010472,0.030523,156.6,27197.2,"11 79 69 30 33 74 2 43 9 39 14 53 54 21 59 16 66 1 22 51 80 41 15 78 7 37 52 63 60 34 64 76 67 27 32 49 75 38 71 68 20 29 46 6 19 62 24 18 58 17 12 23 25 36 3 73 10 42 77 50 57 5 48 28 31 4 26 55 61 40 44 65 13 8 70 47 72 56 45 35"
lipa90a,Greedy,90,10,367573,367573,367675.80,367747,360630,1.925242,0.000015,0.000015,0.000018,0.0,0.0,"15 58 52 59 69 19 13 56 21 65 60 29 47 27 1 81 73 28 14 48 41 53 17 70 89 11 8 4 6 25 88 32 31 20 80 49 51 35 5 18 90 85 9 30 10 39 62 66 3 86 64 82 50 54 57 2 87 45 68 36 71 46 63 40 77 12 22 67 76 37 38 33 55 74 84 78 79 24 16 23 42 34 7 72 26 61 43 75 83 44"
lipa90a,2opt-SD,90,10,363246,363246,363427.20,363554,360630,0.725397,0.064496,0.075413,0.084582,54.9,223879.5,"30 8 76 66 35 51 85 31 36 62 33 72 25 12 9 75 52 15 58 65 86 26 74 87 78 1 88 82 83 81 77 6 68 54 60 89 70 50 28 40 57 14 67 61 23 79 22 19 3 64 5 49 84 10 59 16 20 80 45 29 32 38 73 55 39 21 4 47 27 53 2 46 71 41 34 7 13 18 43 42 37 56 63 69 44 17 90 24 11 48"
lipa90a,2opt-FI,90,10,363115,363115,363338.50,363462,360630,0.689072,0.006671,0.010768,0.014265,174.4,28461.3,"1 53 48 73 26 12 62 45 30 23 68 44 60 52 15 63 50 54 41 19 31 49 29 70 35 9 22 21 64 25 83 13 16 58 6 34 80 77 14 51 56 67 43 66 4 33 40 2 39 27 59 18 32 8 78 38 7 37 88 3 79 82 28 57 24 85 69 74 5 42 55 11 36 81 75 20 86 10 87 65 47 71 84 89 72 90 76 17 46 61"
lipa90b,Greedy,90,10,16079457,16079457,16119259.00,16159693,12490441,28.734102,0.000013,0.000014,0.000018,0.0,0.0,"1 2 54 4 51 88 34 8 85 30 11 12 19 74 18 26 29 9 65 5 13 22 62 16 6 23 17 37 53 80 31 32 41 39 68 40 33 78 38 35 84 61 44 72 76 46 81 27 49 50 90 21 14 57 24 58 86 52 56 60 47 66 63 82 73 83 67 71 7 70 36 75 59 28 42 45 77 79 48 10 69 64 43 55 15 3 87 25 89 20"
lipa90b,2opt-SD,90,10,15141125,15141125,15225290.80,15293401,12490441,21.221701,0.060647,0.077939,0.119049,55.4,225882.0,"26 59 63 49 31 24 80 6 69 57 56 47 42 58 10 70 8 1 65 86 87 64 81 9 50 83 20 5 45 73 3 88 39 17 18 75 62 33 19 16 34 68 71 77 40 72 67 43 22 90 21 15 60 23 82 79 28 41 30 29 46 35 12 27 84 51 61 32 48 2 53 54 14 74 52 89 66 55 13 44 85 36 7 37 78 25 38 76 4 11"
lipa90b,2opt-FI,90,10,15159486,15159486,15216385.10,15253617,12490441,21.368701,0.007905,0.014551,0.020931,176.0,38745.4,"33 58 69 47 78 70 64 15 14 9 37 55 46 21 22 88 57 89 13 32 20 24 26 17 65 67 56 31 66 85 8 49 51 36 12 27 29 7 73 79 25 87 3 34 76 62 40 48 84 83 45 54 2 75 11 38 42 81 59 1 77 10 18 44 30 60 41 43 6 72 82 80 63 28 5 68 52 90 19 23 86 16 50 53 35 74 71 61 39 4"
nug12,Greedy,12,10,754,754,799.60,838,578,30.449827,0.000001,0.000001,0.000002,0.0,0.0,"3 6 7 2 5 9 11 10 1 4 8 12"
nug12,2opt-SD,12,10,586,586,610.00,634,578,1.384083,0.000012,0.000023,0.000035,6.3,481.8,"2 1 8 3 10 7 11 9 5 6 4 12"
nug12,2opt-FI,12,10,594,594,608.60,626,578,2.768166,0.000007,0.000011,0.000018,13.7,242.7,"1 8 4 5 2 7 11 6 3 9 12 10"
nug14,Greedy,14,10,1188,1188,1233.40,1296,1014,17.159763,0.000001,0.000001,0.000002,0.0,0.0,"1 11 8 7 10 5 9 13 14 12 6 2 3 4"
nug14,2opt-SD,14,10,1030,1030,1068.40,1106,1014,1.577909,0.000030,0.000050,0.000074,8.9,900.9,"4 3 7 12 10 2 14 8 5 6 1 13 11 9"
nug14,2opt-FI,14,10,1040,1040,1087.80,1120,1014,2.564103,0.000013,0.000018,0.000024,16.0,352.8,"10 7 3 4 1 12 8 9 13 2 6 5 11 14"
nug15,Greedy,15,10,1340,1340,1459.60,1520,1150,16.521739,0.000001,0.000001,0.000003,0.0,0.0,"10 5 8 7 1 15 3 13 14 4 6 2 9 11 12"
nug15,2opt-SD,15,10,1160,1160,1200.80,1234,1150,0.869565,0.000040,0.000050,0.000064,8.4,987.0,"1 9 11 12 10 2 13 8 7 6 4 14 3 5 15"
nug15,2opt-FI,15,10,1178,1178,1211.40,1252,1150,2.434783,0.000016,0.000022,0.000029,21.9,418.1,"1 2 4 15 6 9 13 3 14 10 11 8 7 5 12"
nug16a,Greedy,16,10,1960,1960,1995.40,2048,1610,21.739130,0.000001,0.000001,0.000002,0.0,0.0,"16 1 15 11 13 10 5 12 7 4 6 14 2 8 3 9"
nug16a,2opt-SD,16,10,1622,1622,1680.20,1712,1610,0.745342,0.000049,0.000066,0.000083,9.5,1260.0,"3 9 14 2 16 10 1 12 8 11 6 5 7 15 4 13"
nug16a,2opt-FI,16,10,1634,1634,1690.00,1732,1610,1.490683,0.000018,0.000023,0.000029,22.3,473.0,"4 7 1 5 6 11 12 8 10 13 2 14 15 3 9 16"
nug16b,Greedy,16,10,1432,1432,1537.20,1646,1240,15.483871,0.000001,0.000001,0.000002,0.0,0.0,"14 15 1 5 13 12 10 3 16 2 9 7 8 4 6 11"
nug16b,2opt-SD,16,10,1282,1282,1324.60,1364,1240,3.387097,0.000041,0.000061,0.000094,9.1,1212.0,"3 14 15 16 1 7 4 2 6 10 9 12 5 11 8 13"
nug16b,2opt-FI,16,10,1274,1274,1308.40,1374,1240,2.741935,0.000020,0.000026,0.000034,20.8,505.6,"16 4 2 14 13 9 12 15 8 7 10 3 11 5 6 1"
nug17,Greedy,17,10,1970,1970,2076.60,2218,1732,13.741339,0.000001,0.000001,0.000002,0.0,0.0,"3 15 14 10 9 5 1 12 8 6 4 7 2 11 13 17 16"
nug17,2opt-SD,17,10,1768,1768,1818.00,1888,1732,2.078522,0.000057,0.000088,0.000155,10.9,1618.4,"3 15 8 6 13 10 12 1 7 5 14 2 11 4 17 9 16"
nug17,2opt-FI,17,10,1756,1756,1803.40,1888,1732,1.385681,0.000015,0.000033,0.000046,27.7,583.4,"9 3 10 6 13 2 14 12 7 5 4 15 8 1 17 16 11"
nug18,Greedy,18,10,2212,2212,2303.60,2414,1930,14.611399,0.000001,0.000001,0.000002,0.0,0.0,"13 1 8 16 9 5 11 2 14 18 4 7 12 15 10 17 6 3"
nug18,2opt-SD,18,10,1972,1972,2017.20,2110,1930,2.176166,0.000073,0.000098,0.000164,10.4,1744.2,"18 2 4 5 17 10 14 12 7 6 3 15 8 1 13 9 16 11"
nug18,2opt-FI,18,10,1960,1960,2013.40,2086,1930,1.554404,0.000026,0.000039,0.000070,24.6,680.6,"16 14 1 3 9 11 8 12 10 13 2 15 7 5 6 4 18 17"
nug20,Greedy,20,10,3186,3186,3303.80,3406,2570,23.968872,0.000001,0.000002,0.000004,0.0,0.0,"13 19 14 4 16 1 20 15 12 6 3 8 2 7 18 9 10 11 5 17"
nug20,2opt-SD,20,10,2614,2614,2700.80,2748,2570,1.712062,0.000121,0.000152,0.000206,12.3,2527.0,"13 20 15 19 9 6 7 12 2 14 5 8 11 4 16 17 1 10 18 3"
nug20,2opt-FI,20,10,2628,2628,2663.80,2726,2570,2.256809,0.000041,0.000068,0.000096,30.9,937.0,"4 2 18 17 3 19 15 14 10 9 11 8 12 5 13 16 20 7 1 6"
nug21,Greedy,21,10,2972,2972,3066.40,3254,2438,21.903199,0.000001,0.000002,0.000003,0.0,0.0,"5 14 13 3 2 19 4 20 18 8 7 10 21 9 17 12 1 6 16 11 15"
nug21,2opt-SD,21,10,2482,2482,2562.00,2658,2438,1.804758,0.000186,0.000242,0.000402,14.2,3192.0,"15 17 4 11 16 13 6 14 8 1 7 10 9 12 20 19 18 3 21 2 5"
nug21,2opt-FI,21,10,2482,2482,2544.40,2606,2438,1.804758,0.000054,0.000086,0.000115,35.0,893.8,"20 21 13 9 10 16 4 14 3 18 19 7 8 11 5 2 6 12 1 17 15"
nug22,Greedy,22,10,4542,4542,4625.20,4722,3596,26.307008,0.000002,0.000002,0.000004,0.0,0.0,"15 20 21 19 3 7 10 1 16 11 4 5 14 9 13 8 22 6 18 12 2 17"
nug22,2opt-SD,22,10,3676,3676,3758.20,3860,3596,2.224694,0.000258,0.000338,0.000409,14.7,3626.7,"5 2 4 3 18 6 12 11 22 1 15 20 14 21 9 16 13 10 7 8 19 17"
nug22,2opt-FI,22,10,3658,3658,3793.40,3982,3596,1.724138,0.000068,0.000091,0.000125,46.0,1074.6,"14 21 3 9 19 7 10 13 12 2 5 20 4 16 18 8 11 22 1 6 15 17"
nug24,Greedy,24,10,4252,4252,4399.60,4544,3488,21.903670,0.000002,0.000002,0.000005,0.0,0.0,"17 19 23 13 24 20 21 1 7 22 12 14 2 6 8 10 18 4 15 11 3 9 16 5"
nug24,2opt-SD,24,10,3616,3616,3664.40,3728,3488,3.669725,0.000349,0.000444,0.000534,18.0,5244.0,"15 1 12 24 17 5 6 22 10 13 18 2 16 11 7 9 23 21 4 8 19 3 14 20"
nug24,2opt-FI,24,10,3576,3576,3625.00,3668,3488,2.522936,0.000084,0.000115,0.000141,45.3,1370.8,"5 2 21 3 14 20 12 13 9 6 23 4 24 1 7 22 18 16 17 10 19 8 11 15"
nug25,Greedy,25,10,4346,4346,4436.00,4586,3744,16.079060,0.000002,0.000002,0.000004,0.0,0.0,"5 22 3 17 24 18 16 7 14 2 20 25 6 19 21 11 8 9 10 1 12 4 23 15 13"
nug25,2opt-SD,25,10,3814,3814,3883.40,3974,3744,1.869658,0.000344,0.000491,0.000660,17.6,5580.0,"24 4 12 17 13 21 14 7 23 20 16 25 10 19 15 11 6 9 1 22 18 8 3 2 5"
nug25,2opt-FI,25,10,3834,3834,3918.00,4056,3744,2.403846,0.000092,0.000135,0.000196,45.5,1451.1,"22 15 1 19 13 20 10 6 7 21 8 11 9 23 14 4 25 16 3 12 5 2 18 17 24"
nug27,Greedy,27,10,6240,6240,6366.60,6490,5234,19.220481,0.000002,0.000002,0.000006,0.0,0.0,"22 10 6 9 27 3 14 5 4 13 24 21 12 8 1 11 19 23 17 18 20 15 16 25 26 2 7"
nug27,2opt-SD,27,10,5298,5298,5438.40,5602,5234,1.222774,0.000444,0.000645,0.000797,22.4,8213.4,"23 19 16 18 1 21 14 6 11 12 15 22 20 9 27 17 3 25 5 8 10 24 7 13 4 2 26"
nug27,2opt-FI,27,10,5314,5314,5452.60,5562,5234,1.528468,0.000125,0.000150,0.000197,56.2,1891.5,"24 8 4 19 9 18 14 12 6 15 22 16 17 1 20 11 26 3 5 10 7 13 21 25 23 27 2"
nug28,Greedy,28,10,6300,6300,6428.00,6542,5166,21.951220,0.000002,0.000002,0.000005,0.0,0.0,"4 8 13 7 28 12 18 19 5 17 9 20 16 21 1 24 22 10 27 2 6 11 25 26 3 15 23 14"
nug28,2opt-SD,28,10,5280,5280,5398.00,5528,5166,2.206736,0.000522,0.000668,0.000915,18.7,7446.6,"24 15 20 6 22 9 11 5 12 18 19 10 8 14 28 13 23 27 4 7 1 25 26 17 3 16 21 2"
nug28,2opt-FI,28,10,5276,5276,5397.80,5494,5166,2.129307,0.000115,0.000198,0.000268,49.3,1794.2,"4 15 25 21 22 8 11 13 23 17 18 10 9 28 7 14 6 19 5 27 16 12 26 3 2 24 20 1"
rou12,Greedy,12,10,287280,287280,304635.00,324228,235528,21.972759,0.000001,0.000001,0.000002,0.0,0.0,"3 11 1 10 2 9 12 8 4 7 6 5"
rou12,2opt-SD,12,10,241122,241122,248447.60,255930,235528,2.375089,0.000018,0.000030,0.000042,6.6,501.6,"9 11 7 4 1 2 10 3 6 5 12 8"
rou12,2opt-FI,12,10,243360,243360,249640.60,257174,235528,3.325295,0.000009,0.000015,0.000027,13.6,246.5,"4 8 6 10 7 3 11 12 5 1 2 9"
rou15,Greedy,15,10,405144,405144,434400.20,449756,354210,14.379605,0.000001,0.000001,0.000003,0.0,0.0,"3 1 8 4 5 9 12 2 15 7 6 11 13 14 10"
rou15,2opt-SD,15,10,365364,365364,377790.00,391506,354210,3.148979,0.000050,0.000068,0.000091,8.3,976.5,"3 5 11 8 2 4 13 14 12 7 15 1 9 10 6"
rou15,2opt-FI,15,10,364132,364132,375434.80,380432,354210,2.801163,0.000023,0.000031,0.000044,17.0,432.9,"12 11 1 4 14 6 10 15 3 7 9 8 13 5 2"
rou20,Greedy,20,10,833466,833466,858875.60,884006,725522,14.878115,0.000001,0.000002,0.000003,0.0,0.0,"8 15 6 16 5 19 11 2 18 20 13 4 9 17 14 12 3 1 7 10"
rou20,2opt-SD,20,10,752764,752764,765802.40,783638,725522,3.754814,0.000126,0.000183,0.000243,10.4,2166.0,"3 17 4 9 18 6 20 16 14 11 12 5 8 10 13 15 1 2 7 19"
rou20,2opt-FI,20,10,733904,733904,759689.40,774892,725522,1.155306,0.000054,0.000081,0.000112,27.1,929.8,"2 17 4 11 13 16 19 14 8 20 18 9 15 5 10 3 12 1 7 6"
scr12,Greedy,12,10,43082,43082,45534.80,50922,31410,37.160140,0.000001,0.000001,0.000002,0.0,0.0,"9 10 8 2 1 5 6 3 4 7 12 11"
scr12,2opt-SD,12,10,31410,31410,33513.80,35530,31410,0.000000,0.000022,0.000031,0.000055,7.2,541.2,"5 7 2 3 11 4 8 12 1 6 9 10"
scr12,2opt-FI,12,10,32236,32236,33481.80,35894,31410,2.629736,0.000009,0.000016,0.000024,16.5,271.7,"10 7 11 8 1 4 3 2 12 6 9 5"
scr15,Greedy,15,10,83756,83756,92161.40,108170,51140,63.777865,0.000001,0.000001,0.000002,0.0,0.0,"13 6 3 2 1 14 7 5 12 11 4 9 15 10 8"
scr15,2opt-SD,15,10,51140,51140,56703.00,64794,51140,0.000000,0.000056,0.000082,0.000111,9.9,1144.5,"12 10 11 14 1 13 9 5 15 6 4 2 8 7 3"
scr15,2opt-FI,15,10,53108,53108,56770.80,58834,51140,3.848260,0.000020,0.000037,0.000060,25.1,461.4,"13 1 10 5 4 6 2 3 9 7 14 8 15 11 12"
scr20,Greedy,20,10,178556,178556,194838.40,213698,110030,62.279378,0.000001,0.000002,0.000004,0.0,0.0,"20 15 8 14 1 19 7 11 18 9 2 16 3 6 4 5 12 17 10 13"
scr20,2opt-SD,20,10,111078,111078,121829.80,133208,110030,0.952468,0.000148,0.000225,0.000278,13.7,2793.0,"20 3 14 2 12 1 7 8 13 11 18 10 19 15 16 17 9 5 6 4"
scr20,2opt-FI,20,10,114074,114074,118171.20,125918,110030,3.675361,0.000052,0.000090,0.000125,33.2,1033.2,"2 14 5 13 15 17 18 19 16 6 3 10 8 7 11 4 12 1 9 20"
sko100a,Greedy,100,10,173802,173802,174228.20,175326,152002,14.341917,0.000022,0.000024,0.000031,0.0,0.0,"3 87 29 91 51 12 55 90 33 18 37 7 13 59 30 69 50 53 20 58 39 28 34 2 5 74 52 77 36 76 17 94 25 85 32 100 4 67 72 70 93 73 81 14 16 26 46 22 99 71 66 24 64 31 98 75 57 40 60 41 6 62 19 47 61 56 96 63 89 8 1 11 92 9 38 68 48 95 79 10 49 21 23 54 84 86 82 43 97 44 78 15 88 80 42 83 45 35 27 65"
sko100a,2opt-SD,100,10,154226,154226,154849.40,155638,152002,1.463139,0.162696,0.212479,0.292418,122.7,612315.0,"10 65 18 58 28 41 42 88 87 37 29 17 91 23 73 84 96 21 15 50 76 53 20 64 57 2 51 69 79 83 35 24 92 99 34 61 40 32 62 39 7 82 56 85 75 67 52 98 86 72 45 48 93 12 54 26 100 59 68 94 36 38 4 46 89 9 22 19 66 8 80 14 81 74 31 30 47 16 77 71 27 5 97 95 63 70 25 60 11 33 3 44 78 55 1 49 43 90 6 13"
sko100a,2opt-FI,100,10,153518,153518,154293.60,154886,152002,0.997355,0.014217,0.026837,0.044329,473.6,52434.7,"33 39 83 55 1 74 71 79 65 18 27 80 13 5 4 95 97 88 78 91 60 52 16 22 32 25 11 62 37 15 8 86 24 54 34 31 93 75 57 87 59 42 68 98 19 56 69 96 9 84 10 67 94 43 99 14 77 63 89 6 58 100 40 26 81 61 85 30 73 28 70 38 72 46 51 64 47 66 90 20 45 50 49 48 92 82 2 23 44 41 3 21 35 7 36 53 76 12 29 17"
sko100b,Greedy,100,10,173526,173526,174020.60,175272,153890,12.759763,0.000023,0.000026,0.000032,0.0,0.0,"80 23 37 14 48 43 85 57 24 61 47 92 82 75 52 3 90 60 44 41 69 59 73 20 33 50 8 64 27 21 79 11 35 36 46 96 7 12 38 84 54 98 22 81 97 42 95 17 53 100 65 29 74 2 19 86 5 76 10 6 18 99 66 58 68 62 4 83 45 78 34 9 63 67 71 26 28 93 89 56 25 91 87 49 1 39 15 40 30 16 77 94 70 51 32 72 13 31 55 88"
sko100b,2opt-SD,100,10,156000,156000,157177.20,158232,153890,1.371109,0.177393,0.200255,0.238188,116.8,583110.0,"25 56 99 91 100 49 43 30 61 80 88 28 34 63 10 9 83 15 52 37 53 85 58 71 17 12 66 35 50 84 79 97 74 38 45 82 22 29 42 3 59 32 87 92 33 5 36 93 2 94 48 11 4 64 7 26 1 67 65 24 89 96 86 27 19 46 90 81 72 55 40 39 47 68 78 20 62 44 51 69 41 14 98 73 95 8 21 76 6 16 77 57 31 54 60 70 75 23 18 13"
sko100b,2opt-FI,100,10,156188,156188,156894.60,157692,153890,1.493274,0.011039,0.019059,0.025959,445.0,43345.1,"92 27 23 91 54 87 16 13 79 57 70 71 73 76 75 14 98 60 18 77 31 53 15 49 11 95 89 82 8 25 30 56 43 58 12 96 4 26 48 40 88 63 45 10 90 81 19 20 86 47 9 64 38 36 1 68 5 62 46 39 85 17 83 66 28 97 29 7 100 44 84 50 32 2 35 59 42 33 6 67 61 72 93 24 52 99 74 65 51 41 80 94 34 37 22 55 21 3 69 78"
sko100c,Greedy,100,10,167892,167892,168518.60,168922,147862,13.546415,0.000019,0.000021,0.000030,0.0,0.0,"64 63 97 52 33 39 99 69 70 76 24 95 23 45 77 17 58 75 67 89 27 96 30 88 7 16 9 21 86 94 43 51 40 42 100 49 93 25 36 53 35 74 22 31 48 91 14 60 15 8 73 61 59 2 92 34 98 29 19 56 4 44 32 50 11 83 68 80 57 72 37 41 54 47 5 84 82 78 71 79 1 38 55 6 26 90 13 12 3 87 62 65 46 10 85 81 18 20 66 28"
sko100c,2opt-SD,100,10,150138,150138,151550.60,153248,147862,1.539273,0.177077,0.214829,0.261406,123.7,617265.0,"28 27 24 77 73 63 66 1 18 87 67 51 68 9 48 98 3 56 78 65 8 81 50 10 90 7 15 42 13 21 23 58 35 33 93 85 54 49 40 97 82 99 61 45 88 41 25 43 59 20 89 47 100 91 17 92 84 22 36 79 57 4 32 2 11 29 14 19 12 55 62 44 60 83 75 86 34 52 26 38 94 53 96 31 30 80 16 6 70 71 39 69 5 95 72 74 46 37 76 64"
sko100c,2opt-FI,100,10,149768,149768,151064.80,152250,147862,1.289040,0.013973,0.027184,0.043344,448.9,43259.0,"28 67 86 10 7 3 66 65 85 1 57 23 99 9 54 16 18 21 97 63 8 90 77 68 88 93 98 15 74 20 72 82 2 50 61 48 25 56 45 13 39 33 51 31 91 81 84 35 14 95 89 11 44 53 34 58 92 49 40 79 62 75 5 100 83 80 42 29 41 43 69 96 32 60 17 30 52 19 59 87 94 6 24 27 73 78 22 12 55 46 70 37 4 47 36 26 38 71 76 64"
sko100d,Greedy,100,10,168158,168158,168972.00,169688,149576,12.423116,0.000018,0.000021,0.000027,0.0,0.0,"85 70 96 80 43 74 26 15 36 13 45 73 72 41 2 21 17 48 94 42 62 91 6 35 100 98 40 14 66 67 32 23 5 88 38 64 90 93 71 57 47 18 81 30 56 89 28 50 52 77 63 16 95 49 24 10 79 84 78 55 75 22 9 44 87 92 65 51 27 33 54 39 59 86 46 3 29 69 99 19 61 82 20 68 8 12 11 83 25 1 53 34 31 37 58 60 97 4 76 7"
sko100d,2opt-SD,100,10,151530,151530,152470.80,153454,149576,1.306359,0.189222,0.218094,0.287886,123.4,615780.0,"76 67 42 19 89 80 21 7 70 45 1 73 63 51 93 55 18 16 17 15 60 59 88 100 91 8 22 90 92 31 57 12 87 52 58 27 44 5 72 9 3 49 95 41 38 35 56 65 29 39 94 23 30 24 28 20 2 11 6 53 4 50 78 79 84 46 32 10 54 47 33 74 64 83 40 66 68 43 48 26 61 99 86 81 77 69 14 37 98 62 34 82 75 25 36 96 97 71 13 85"
sko100d,2opt-FI,100,10,151632,151632,152509.80,153418,149576,1.374552,0.015571,0.025814,0.046577,451.3,45468.5,"85 13 7 96 62 37 71 70 45 47 42 21 20 97 69 98 11 48 26 6 19 32 57 68 44 2 43 14 9 31 80 94 23 35 95 56 65 5 39 72 86 46 3 24 41 50 78 33 29 53 87 52 79 12 83 99 64 100 90 17 91 27 55 40 63 93 38 10 92 54 73 28 59 89 8 66 88 30 16 15 75 36 81 58 25 22 84 74 77 18 34 76 82 51 67 4 49 61 60 1"
sko100e,Greedy,100,10,169414,169414,170059.40,170810,149150,13.586322,0.000027,0.000028,0.000034,0.0,0.0,"61 100 30 22 40 26 52 45 13 1 78 81 21 2 76 8 83 71 57 84 6 18 33 19 60 99 43 23 29 41 77 37 87 90 82 14 91 80 25 67 49 58 73 97 70 42 11 64 79 32 34 31 89 50 94 12 56 36 4 15 9 55 54 96 28 92 20 63 48 69 35 66 7 72 10 68 47 75 53 86 39 95 88 44 17 93 85 51 5 74 65 59 46 62 98 3 27 24 38 16"
sko100e,2opt-SD,100,10,151648,151648,152699.40,154124,149150,1.674824,0.170548,0.225917,0.348360,119.0,594000.0,"65 3 35 54 57 100 13 39 22 61 6 83 93 96 43 95 5 15 62 74 58 9 40 42 49 76 12 23 26 21 30 31 84 25 98 70 82 47 14 34 4 90 11 64 94 29 92 79 69 59 37 27 19 17 52 85 60 99 53 51 8 72 56 89 97 91 55 10 28 45 7 68 75 20 87 2 50 88 33 67 38 66 80 73 48 78 18 46 44 86 24 36 16 77 71 32 81 1 63 41"
sko100e,2opt-FI,100,10,151676,151676,152463.60,153412,149150,1.693597,0.009330,0.019777,0.037085,459.3,41815.7,"13 74 6 95 30 84 69 98 34 1 40 9 93 83 90 12 42 21 58 76 54 49 43 96 70 82 25 23 66 3 39 64 57 92 79 89 14 55 86 26 35 62 29 2 47 97 18 78 44 32 22 4 17 94 60 99 73 87 37 77 27 56 31 36 80 68 46 20 48 85 15 75 11 8 10 91 67 71 28 81 16 19 72 88 52 51 45 50 33 24 61 5 65 7 38 63 41 53 59 100"
sko100f,Greedy,100,10,167266,167266,167740.60,168546,149036,12.231944,0.000017,0.000018,0.000025,0.0,0.0,"57 28 39 10 65 64 72 21 58 82 33 48 1 40 44 18 34 45 73 17 92 60 62 51 11 23 47 22 5 50 19 67 66 46 14 84 70 87 56 55 43 79 49 4 83 38 8 88 76 61 77 30 35 37 71 9 25 26 24 20 42 86 93 99 74 68 91 89 81 6 96 59 36 54 95 41 69 13 85 100 97 75 3 12 15 53 29 52 98 78 63 90 32 7 2 27 16 31 94 80"
sko100f,2opt-SD,100,10,151312,151312,152276.80,152908,149036,1.527148,0.173642,0.200173,0.244538,114.9,573705.0,"33 39 28 62 40 92 20 17 19 42 82 45 49 37 14 11 36 4 41 31 5 65 50 26 9 1 67 22 64 72 52 7 54 25 35 24 18 76 70 98 79 29 51 13 95 84 89 91 96 63 43 74 23 56 38 8 87 88 81 75 2 93 12 60 99 6 71 53 46 90 97 69 58 83 68 10 48 59 15 30 3 21 100 77 34 47 16 55 27 86 80 57 85 66 44 61 32 73 78 94"
sko100f,2opt-FI,100,10,150954,150954,152223.20,152944,149036,1.286937,0.011548,0.024564,0.038358,439.1,47546.5,"2 79 6 50 65 58 38 66 57 80 43 82 5 28 18 72 54 23 100 97 64 69 35 24 49 46 89 13 3 90 52 29 71 7 84 76 99 51 68 15 17 37 25 8 36 87 41 56 85 61 67 95 60 88 74 26 12 83 77 73 39 93 11 9 91 14 40 34 30 16 22 1 92 10 45 59 48 44 47 31 78 62 53 55 70 20 4 27 96 94 63 98 21 86 19 75 81 42 33 32"
sko42,Greedy,42,10,18734,18734,18911.60,19168,N/A,N/A,0.000004,0.000005,0.000008,0.0,0.0,"41 22 31 2 34 5 16 25 15 7 36 35 38 27 28 20 12 26 42 3 30 21 4 37 39 19 1 10 6 18 40 14 9 33 13 8 11 24 17 32 29 23"
sko42,2opt-SD,42,10,16100,16100,16400.60,16602,N/A,N/A,0.003534,0.005433,0.008671,36.7,32459.7,"8 38 1 3 30 16 23 6 37 24 21 39 36 22 40 15 9 14 4 33 28 29 34 11 32 35 26 20 17 10 7 12 31 19 13 25 42 41 5 18 2 27"
sko42,2opt-FI,42,10,16000,16000,16309.80,16452,N/A,N/A,0.000750,0.001008,0.001200,111.3,5031.5,"41 11 29 25 21 6 8 7 34 16 40 38 3 1 17 42 9 15 5 37 24 12 32 4 14 33 36 22 31 20 26 35 39 30 28 13 10 19 18 27 2 23"
sko49,Greedy,49,10,27524,27524,27762.20,28058,N/A,N/A,0.000004,0.000005,0.000008,0.0,0.0,"47 13 37 5 23 17 49 44 45 8 16 26 7 21 24 27 9 42 10 15 25 14 36 31 41 6 34 18 40 20 38 33 29 35 22 1 48 11 30 32 43 19 39 4 2 12 3 28 46"
sko49,2opt-SD,49,10,23794,23794,24162.00,24408,N/A,N/A,0.006682,0.010233,0.015057,42.5,51156.0,"17 22 12 11 40 49 44 4 36 26 25 16 48 8 32 24 18 30 33 31 23 7 9 15 34 6 5 3 19 42 10 29 21 2 38 1 41 35 45 20 27 28 13 47 14 37 43 46 39"
sko49,2opt-FI,49,10,23738,23738,24094.60,24416,N/A,N/A,0.000635,0.003155,0.013874,137.6,7236.7,"13 47 25 18 20 28 46 19 42 7 41 14 11 29 36 15 9 34 45 38 1 32 21 10 6 27 35 43 24 22 30 37 3 40 12 4 16 26 33 31 2 49 17 8 5 44 23 48 39"
sko56,Greedy,56,10,40134,40134,40624.60,41268,N/A,N/A,0.000013,0.000015,0.000023,0.0,0.0,"39 16 10 8 32 1 2 19 21 7 14 55 22 30 25 54 40 44 33 9 24 4 46 51 42 37 12 29 5 20 28 48 35 11 50 27 36 23 53 49 15 34 45 6 56 18 17 38 43 31 26 52 13 47 41 3"
sko56,2opt-SD,56,10,35124,35124,35502.80,35906,N/A,N/A,0.014225,0.023562,0.041213,57.4,89936.0,"54 43 45 19 51 10 35 31 15 38 22 17 23 7 40 41 26 24 53 33 36 29 13 18 46 6 4 32 20 5 34 48 25 55 50 27 14 52 12 44 16 2 8 28 9 37 1 47 21 3 56 49 30 11 42 39"
sko56,2opt-FI,56,10,34946,34946,35412.80,35850,N/A,N/A,0.001338,0.003713,0.011868,174.5,10489.4,"43 6 38 45 2 46 31 21 54 55 22 56 8 4 15 25 26 24 33 53 11 50 37 16 51 14 23 36 9 12 52 7 41 28 29 27 5 20 1 34 3 17 30 42 32 48 44 13 19 49 47 35 18 10 40 39"
sko64,Greedy,64,10,55878,55878,56204.20,56554,N/A,N/A,0.000006,0.000007,0.000010,0.0,0.0,"15 12 18 34 30 22 56 9 61 3 6 28 23 43 29 27 47 26 38 52 13 11 51 53 59 20 44 24 17 58 39 32 41 54 55 4 16 45 2 42 60 48 7 40 21 5 25 14 35 49 62 64 1 63 46 57 36 10 33 37 19 8 50 31"
sko64,2opt-SD,64,10,48988,48988,49667.40,50098,N/A,N/A,0.021564,0.042503,0.084249,67.5,138096.0,"31 63 25 56 45 18 60 35 57 34 26 17 7 1 37 50 2 13 42 44 58 59 33 9 8 49 4 64 52 21 29 14 53 10 19 62 16 24 23 22 54 47 6 38 5 20 55 48 32 11 28 51 39 40 30 43 15 41 12 3 61 46 27 36"
sko64,2opt-FI,64,10,49252,49252,49702.00,50542,N/A,N/A,0.003076,0.004087,0.006872,232.8,17300.3,"15 41 30 48 60 12 27 36 34 11 19 39 40 28 43 3 54 32 38 55 5 62 6 46 7 53 25 45 16 64 42 20 59 17 1 21 24 4 13 49 37 33 44 56 29 14 52 61 50 26 8 58 23 22 47 51 57 2 10 35 18 63 9 31"
sko72,Greedy,72,10,76060,76060,76407.40,76716,N/A,N/A,0.000011,0.000012,0.000016,0.0,0.0,"12 56 18 2 23 25 35 5 3 8 72 61 67 21 26 47 7 64 14 50 71 36 20 44 16 9 58 29 10 65 22 37 49 39 52 32 15 69 63 66 46 6 13 70 60 24 4 43 1 55 38 19 17 51 54 68 40 57 42 33 28 41 31 34 11 27 48 62 59 30 45 53"
sko72,2opt-SD,72,10,67698,67698,68152.00,68780,N/A,N/A,0.049935,0.057883,0.081820,74.7,193489.2,"8 17 11 34 4 57 51 5 45 29 21 26 1 44 71 19 40 15 35 2 22 32 55 36 37 33 72 53 14 47 7 65 6 46 58 3 12 10 52 43 41 13 42 63 69 31 60 23 38 59 49 25 50 48 18 70 28 30 20 61 66 62 56 64 67 27 24 16 39 68 9 54"
sko72,2opt-FI,72,10,67188,67188,67809.20,68886,N/A,N/A,0.003461,0.005951,0.008733,267.4,20308.1,"64 26 17 57 61 4 62 72 11 51 21 48 68 36 37 15 19 5 42 44 40 55 9 71 66 41 58 47 52 33 32 1 59 63 20 45 35 2 67 22 65 46 6 50 69 14 70 28 38 39 49 13 43 25 31 10 23 60 16 7 29 24 34 12 8 18 30 56 27 54 53 3"
sko81,Greedy,81,10,103144,103144,103467.20,103920,90998,13.347546,0.000012,0.000013,0.000017,0.0,0.0,"76 60 52 29 28 43 34 57 53 61 65 10 26 36 27 68 16 66 30 42 32 21 49 6 11 77 54 71 63 24 70 37 13 20 2 22 69 14 18 58 75 1 51 7 9 35 56 19 73 62 59 44 33 64 8 72 15 45 17 41 12 78 25 74 4 31 46 5 38 79 3 80 67 50 39 55 48 23 81 40 47"
sko81,2opt-SD,81,10,92612,92612,93192.40,93990,90998,1.773665,0.070069,0.081155,0.098177,83.5,273780.0,"47 77 55 56 61 3 48 50 66 76 16 5 31 36 6 69 17 57 52 24 22 42 1 7 21 62 45 35 43 59 13 49 41 15 70 68 39 63 58 37 38 4 44 78 23 64 71 75 18 32 51 11 9 27 14 20 79 73 2 12 33 19 74 40 80 29 46 30 26 34 65 60 10 53 28 72 25 81 54 67 8"
sko81,2opt-FI,81,10,92586,92586,92901.00,93684,90998,1.745093,0.005174,0.011085,0.034105,333.9,26127.3,"50 48 57 41 56 33 66 3 67 22 36 17 6 15 21 4 81 23 55 71 42 9 70 11 49 26 65 29 5 35 31 2 44 14 34 69 45 79 52 58 19 12 38 74 30 72 1 62 13 37 51 32 61 77 43 75 68 18 73 59 63 25 80 53 28 7 27 46 78 24 20 40 8 16 76 64 60 54 10 39 47"
sko90,Greedy,90,10,131744,131744,132070.80,132432,115534,14.030502,0.000017,0.000019,0.000024,0.0,0.0,"5 34 2 26 39 52 64 24 50 67 8 18 1 47 29 78 56 77 23 20 42 59 35 60 57 14 7 43 10 27 48 61 17 51 63 28 4 12 49 74 11 16 88 37 6 3 68 44 71 41 9 19 13 89 90 36 15 38 54 79 76 30 65 81 83 85 66 62 46 82 75 58 73 40 32 80 84 55 53 87 86 25 72 45 33 70 21 31 69 22"
sko90,2opt-SD,90,10,117526,117526,118034.80,118486,115534,1.724168,0.115378,0.133321,0.153543,99.1,400900.5,"27 86 88 46 33 52 26 76 24 8 18 48 45 75 54 32 61 58 29 42 59 56 47 84 44 85 40 4 35 2 60 50 66 6 83 63 38 89 25 39 31 34 80 57 28 55 90 73 53 67 71 70 15 37 7 13 41 16 74 21 30 36 9 51 3 43 14 10 62 1 69 23 49 78 19 68 17 81 82 72 11 22 12 20 65 87 79 77 64 5"
sko90,2opt-FI,90,10,116688,116688,118128.80,119514,115534,0.998840,0.009060,0.017441,0.024854,390.5,39652.7,"18 86 31 39 33 35 62 67 42 5 45 48 26 4 47 83 55 29 2 24 56 50 70 85 28 73 52 76 21 8 46 88 9 89 54 32 15 41 38 72 75 49 68 90 80 7 3 16 43 53 30 84 36 65 37 6 19 13 58 1 27 59 60 66 44 57 63 61 74 82 34 23 71 40 81 51 78 14 17 25 11 22 10 87 20 12 69 77 79 64"
ste36a,Greedy,36,10,15062,15062,15638.40,17012,N/A,N/A,0.000003,0.000004,0.000007,0.0,0.0,"24 33 15 6 5 32 34 31 16 2 29 8 11 12 20 4 21 22 17 23 28 10 13 7 1 9 26 35 27 30 14 18 19 25 3 36"
ste36a,2opt-SD,36,10,10168,10168,10587.60,10914,N/A,N/A,0.002419,0.003146,0.004454,29.7,19341.0,"22 21 3 16 6 27 24 25 36 35 5 13 12 11 14 23 26 33 9 4 7 15 20 28 19 32 34 2 8 10 1 18 17 29 30 31"
ste36a,2opt-FI,36,10,10290,10290,10601.20,10860,N/A,N/A,0.000510,0.000645,0.000916,99.4,3745.6,"24 2 1 9 15 14 16 29 31 3 8 10 7 13 12 28 30 34 25 18 5 4 20 11 19 32 33 26 17 27 6 23 21 22 36 35"
ste36b,Greedy,36,10,36900,36900,39706.40,45684,N/A,N/A,0.000003,0.000004,0.000006,0.0,0.0,"24 33 32 5 4 18 34 31 16 2 29 19 11 12 20 14 21 22 17 23 6 8 13 7 15 9 26 35 27 30 28 10 1 25 3 36"
ste36b,2opt-SD,36,10,17782,17782,19197.40,22458,N/A,N/A,0.002482,0.003817,0.004514,35.3,22869.0,"36 26 27 11 6 5 8 3 2 24 25 23 12 13 4 10 18 17 31 30 29 14 20 1 7 9 16 33 34 32 19 28 21 15 22 35"
ste36b,2opt-FI,36,10,16906,16906,19323.20,24354,N/A,N/A,0.000367,0.000607,0.000860,116.4,4234.5,"17 18 5 15 16 28 29 30 31 3 8 7 6 20 19 32 34 33 2 10 4 13 14 23 21 22 36 35 9 1 12 11 27 25 26 24"
ste36c,Greedy,36,10,12391386,12391386,12758495.80,13560604,8239110,50.397142,0.000002,0.000003,0.000005,0.0,0.0,"24 33 32 6 4 15 5 31 16 2 29 1 11 12 20 28 21 22 17 23 34 10 13 7 18 9 26 35 27 30 14 8 19 25 3 36"
ste36c,2opt-SD,36,10,8699330,8699330,9052960.20,9663940,8239110,5.585797,0.002174,0.002696,0.003306,33.9,21987.0,"22 21 16 15 27 14 32 33 24 35 9 1 7 13 12 19 34 25 2 3 10 4 20 11 28 30 26 17 18 8 5 6 23 29 31 36"
ste36c,2opt-FI,36,10,8514418,8514418,8887471.60,9132200,8239110,3.341477,0.000452,0.000579,0.000733,101.9,4212.4,"16 9 4 5 15 27 21 22 35 2 8 10 7 20 23 32 33 26 17 18 1 13 14 28 19 34 25 36 3 6 12 11 29 30 31 24"
tai100a,Greedy,100,10,23865174,23865174,23934702.60,23979614,N/A,N/A,0.000023,0.000027,0.000040,0.0,0.0,"39 3 21 57 72 48 51 23 22 20 37 1 30 44 98 4 12 58 19 34 78 18 64 56 94 73 79 60 83 67 62 96 36 77 85 99 93 82 52 38 8 71 45 54 76 97 92 49 11 10 53 63 27 7 55 33 15 66 47 42 87 43 68 61 24 80 74 100 90 70 6 29 69 81 26 41 16 75 25 14 13 86 46 88 9 91 59 5 2 95 28 50 17 31 84 65 32 89 35 40"
tai100a,2opt-SD,100,10,21694706,21694706,21863879.20,21996106,N/A,N/A,0.091087,0.116203,0.152543,60.9,306405.0,"87 17 55 98 36 91 93 66 30 42 89 90 61 58 22 86 19 48 51 68 63 15 43 97 34 53 62 38 65 13 82 52 99 16 74 44 88 47 94 37 71 81 9 8 1 28 11 100 27 85 96 4 40 46 5 26 67 31 54 23 72 35 76 95 69 12 84 6 29 57 79 50 59 92 21 45 3 60 39 41 78 24 64 7 20 83 80 33 32 18 49 75 77 25 73 10 70 56 2 14"
tai100a,2opt-FI,100,10,21571834,21571834,21747365.80,21891100,N/A,N/A,0.014447,0.028660,0.072872,217.8,51423.0,"30 3 58 84 69 67 94 28 41 86 65 39 22 37 26 98 68 12 97 38 78 20 27 63 1 64 46 51 60 79 57 66 5 32 13 92 44 6 19 16 56 50 8 76 55 81 42 85 52 91 29 45 88 17 49 100 61 82 10 80 35 83 59 72 53 95 7 77 96 54 73 9 75 21 71 23 24 15 14 48 40 89 93 43 18 74 34 2 11 31 47 90 70 99 36 62 25 33 4 87"
tai100b,Greedy,100,10,1557731432,1557731432,1574087518.10,1590378683,1185996137,31.343719,0.000088,0.000095,0.000120,0.0,0.0,"43 38 47 50 82 85 29 86 37 41 87 1 45 96 58 20 76 27 81 84 59 78 23 42 67 26 75 89 71 22 74 40 8 72 4 65 97 77 25 17 61 9 73 57 12 3 30 35 5 90 2 99 53 70 31 66 13 15 92 93 19 52 14 39 24 62 56 60 94 36 11 10 64 44 21 68 95 34 88 80 48 33 18 32 83 46 51 91 7 98 49 69 55 63 16 79 28 6 54 100"
tai100b,2opt-SD,100,10,1206270486,1206270486,1247239590.10,1271000326,1185996137,1.709479,0.195134,0.244932,0.306460,140.6,700920.0,"34 94 85 2 66 65 52 37 45 27 48 71 50 29 62 70 99 82 23 26 12 86 59 42 24 51 89 80 31 33 68 73 57 28 5 20 78 6 41 95 11 76 43 54 58 21 53 77 87 49 100 39 63 64 30 1 25 14 44 35 90 91 32 38 15 84 18 72 74 10 61 19 75 17 93 36 60 13 8 96 81 92 7 40 46 98 56 79 67 4 3 83 55 69 16 22 9 47 97 88"
tai100b,2opt-FI,100,10,1210907621,1210907621,1238374155.50,1264090600,1185996137,2.100469,0.016819,0.035615,0.052172,754.0,65642.4,"70 33 26 96 50 48 85 82 27 45 37 52 65 54 64 38 90 87 84 92 32 78 58 43 24 69 89 68 31 71 80 15 42 97 19 67 13 93 25 40 55 17 56 100 98 75 60 49 5 59 4 73 39 53 86 10 8 18 74 99 46 44 61 6 7 28 3 11 2 57 79 9 76 41 30 1 95 34 20 81 66 94 35 77 47 22 91 83 63 62 23 16 51 36 29 12 72 14 21 88"
tai10a,Greedy,10,10,161316,161316,176028.00,183804,N/A,N/A,0.000001,0.000001,0.000003,0.0,0.0,"7 1 8 5 4 10 9 3 2 6"
tai10a,2opt-SD,10,10,137362,137362,143460.00,148414,N/A,N/A,0.000010,0.000015,0.000023,5.3,283.5,"9 10 8 6 1 3 4 2 7 5"
tai10a,2opt-FI,10,10,138022,138022,146638.20,153498,N/A,N/A,0.000005,0.000008,0.000014,8.5,132.9,"2 1 8 6 9 4 10 3 7 5"
tai10b,Greedy,10,10,1825486,1825486,2035487.50,2577487,N/A,N/A,0.000001,0.000001,0.000001,0.0,0.0,"4 10 8 5 6 7 2 3 1 9"
tai10b,2opt-SD,10,10,1187126,1187126,1256376.70,1607743,N/A,N/A,0.000010,0.000015,0.000022,6.0,315.0,"5 3 9 8 7 4 1 6 2 10"
tai10b,2opt-FI,10,10,1183760,1183760,1396008.00,1601767,N/A,N/A,0.000006,0.000009,0.000013,12.8,169.7,"5 6 1 4 7 8 9 3 2 10"
tai12a,Greedy,12,10,259160,259160,272831.80,287514,224416,15.481962,0.000001,0.000001,0.000002,0.0,0.0,"4 7 12 10 6 8 1 5 11 2 9 3"
tai12a,2opt-SD,12,10,235704,235704,246054.00,252472,224416,5.029944,0.000021,0.000028,0.000037,6.0,462.0,"4 5 11 10 1 7 12 8 3 6 9 2"
tai12a,2opt-FI,12,10,229092,229092,243635.00,249692,224416,2.083630,0.000011,0.000015,0.000020,16.2,231.8,"8 5 6 2 10 11 9 1 3 7 12 4"
tai12b,Greedy,12,10,53199000,53199000,62210671.10,76388350,39464925,34.800712,0.000001,0.000001,0.000002,0.0,0.0,"5 4 11 3 2 6 1 12 9 10 8 7"
tai12b,2opt-SD,12,10,40376142,40376142,42991985.50,46296018,39464925,2.308929,0.000020,0.000032,0.000043,7.1,534.6,"6 9 4 10 12 7 8 2 1 11 3 5"
tai12b,2opt-FI,12,10,40876092,40876092,44655462.90,47658735,39464925,3.575750,0.000010,0.000015,0.000026,16.9,244.4,"9 4 6 5 3 7 12 2 8 10 1 11"
tai150b,Greedy,150,10,618440181,618440181,622544170.10,628202495,498896643,23.961584,0.000048,0.000054,0.000066,0.0,0.0,"111 12 24 58 107 147 141 9 52 116 51 150 28 133 78 65 36 109 14 74 60 87 143 80 114 88 123 64 38 68 146 94 26 97 69 122 101 4 92 42 132 103 63 148 130 5 119 62 22 125 131 121 136 44 70 23 79 142 112 76 29 120 32 46 91 16 8 129 82 19 49 40 95 56 13 71 99 25 127 134 53 17 105 83 135 102 144 57 20 54 138 31 100 37 41 61 110 81 73 18 1 35 15 113 2 50 84 33 115 145 39 90 11 117 98 118 30 137 72 104 149 66 27 85 124 106 21 108 75 55 128 67 10 140 6 96 126 139 89 43 45 59 86 48 7 47 3 34 77 93"
tai150b,2opt-SD,150,10,510896957,510896957,516526063.80,520417603,498896643,2.405371,1.047175,1.188803,1.332385,203.2,2281935.0,"12 7 127 27 20 30 135 96 55 101 57 118 75 97 69 66 79 111 44 50 17 63 4 85 23 145 62 15 45 138 11 81 140 59 107 1 108 86 52 3 56 51 122 80 60 115 125 93 148 82 144 84 6 91 95 110 76 41 35 22 112 13 119 72 37 134 146 32 49 40 73 141 64 47 104 139 24 102 121 98 89 117 71 42 99 83 2 94 8 87 38 19 26 113 137 100 149 67 123 70 136 61 58 10 77 109 54 90 103 147 116 88 105 126 16 31 133 5 68 65 124 53 46 150 132 114 74 29 143 14 34 128 142 92 18 120 131 21 78 130 43 36 9 129 28 33 39 106 48 25"
tai150b,2opt-FI,150,10,509245836,509245836,513601230.90,515494751,498896643,2.074416,0.084405,0.110237,0.136865,1361.4,183854.4,"123 51 68 9 32 65 88 54 129 7 141 74 14 146 64 72 49 40 37 106 48 92 21 22 148 47 119 128 124 130 116 34 134 126 149 78 91 138 13 53 46 31 120 41 26 80 66 70 118 67 43 15 35 101 75 62 121 125 20 137 117 1 131 11 108 50 59 87 55 42 16 56 90 135 10 79 33 133 144 110 127 142 103 111 30 115 104 93 36 114 28 109 61 89 113 98 52 18 112 81 139 107 44 82 69 3 97 8 23 57 4 17 85 122 150 24 145 2 140 71 105 27 76 95 132 102 6 96 143 5 39 19 29 100 60 38 77 136 12 94 73 45 25 99 63 84 58 86 147 83"
tai15a,Greedy,15,10,448268,448268,470630.20,491126,388214,15.469303,0.000001,0.000001,0.000002,0.0,0.0,"1 2 4 12 6 8 7 15 10 9 13 5 3 14 11"
tai15a,2opt-SD,15,10,388250,388250,406693.20,426512,388214,0.009273,0.000020,0.000039,0.000056,7.0,840.0,"2 13 4 9 6 1 7 11 3 14 10 8 5 12 15"
tai15a,2opt-FI,15,10,391666,391666,404855.20,418290,388214,0.889200,0.000015,0.000021,0.000029,15.3,456.9,"8 6 3 9 4 7 1 5 13 11 10 2 15 14 12"
tai15b,Greedy,15,10,445782154,445782154,502362999.50,615639425,51765268,761.160719,0.000001,0.000001,0.000001,0.0,0.0,"6 13 8 11 15 9 5 14 2 7 3 10 1 12 4"
tai15b,2opt-SD,15,10,51908277,51908277,52024300.40,52176344,51765268,0.276264,0.000037,0.000053,0.000083,10.1,1165.5,"15 7 8 2 9 12 1 6 3 5 14 4 11 13 10"
tai15b,2opt-FI,15,10,51911962,51911962,52071900.50,52259033,51765268,0.283383,0.000017,0.000022,0.000031,24.9,490.8,"15 7 13 9 8 2 1 6 3 5 14 4 11 12 10"
tai17a,Greedy,17,10,579536,579536,604874.40,618410,491812,17.836897,0.000001,0.000001,0.000002,0.0,0.0,"3 1 10 7 16 15 5 13 8 9 14 12 4 2 6 17 11"
tai17a,2opt-SD,17,10,502712,502712,514790.20,530546,491812,2.216294,0.000054,0.000074,0.000094,9.7,1455.2,"5 2 10 3 17 6 12 14 11 13 9 15 7 16 4 1 8"
tai17a,2opt-FI,17,10,508912,508912,523463.20,537666,491812,3.476938,0.000020,0.000031,0.000046,19.9,591.9,"16 4 6 1 10 3 9 2 11 5 7 13 14 17 12 15 8"
tai20a,Greedy,20,10,891658,891658,906883.60,917400,703482,26.749227,0.000001,0.000001,0.000002,0.0,0.0,"5 6 16 2 13 17 11 10 3 1 8 20 7 12 15 9 4 19 14 18"
tai20a,2opt-SD,20,10,733712,733712,747734.80,759512,703482,4.297196,0.000104,0.000136,0.000215,11.0,2280.0,"20 1 4 14 3 12 13 17 10 2 7 16 9 19 15 11 18 5 8 6"
tai20a,2opt-FI,20,10,735738,735738,747425.20,767670,703482,4.585192,0.000027,0.000056,0.000071,26.6,880.8,"5 6 16 2 17 18 10 15 11 14 9 13 20 3 12 8 4 1 19 7"
tai20b,Greedy,20,10,229735088,229735088,240535038.40,270288284,122455319,87.607276,0.000001,0.000001,0.000002,0.0,0.0,"3 5 14 8 1 6 16 15 17 11 13 7 9 20 4 12 19 2 18 10"
tai20b,2opt-SD,20,10,123381083,123381083,142178063.40,207098283,122455319,0.756001,0.000129,0.000178,0.000236,15.3,3097.0,"8 16 14 17 1 7 3 4 6 9 10 15 19 13 2 11 5 20 18 12"
tai20b,2opt-FI,20,10,124951405,124951405,142112392.40,161651175,122455319,2.038365,0.000056,0.000066,0.000084,47.7,1135.9,"1 9 16 19 2 6 14 4 13 11 10 15 8 7 3 17 5 20 18 12"
tai256c,Greedy,256,10,81584986,81584986,82413221.80,83407180,44759294,82.274962,0.000095,0.000105,0.000117,0.0,0.0,"186 133 229 228 227 226 241 160 159 158 157 144 155 154 153 152 151 150 149 148 147 146 193 232 231 245 246 247 248 249 250 251 252 243 244 242 225 240 239 238 237 236 235 234 233 156 230 184 183 182 181 180 179 178 161 176 175 174 177 172 171 170 169 168 51 166 165 164 163 162 173 143 142 141 140 139 138 137 136 135 134 185 132 131 130 145 192 191 190 189 188 187 101 102 103 104 105 106 107 108 109 100 111 112 97 114 115 116 117 118 119 26 16 65 18 19 20 21 22 23 24 25 15 27 28 29 30 31 32 113 98 99 110 78 79 80 1 82 83 84 85 86 77 88 89 90 91 92 93 94 95 96 67 121 122 123 124 125 126 127 128 81 66 120 68 69 70 71 72 73 74 75 76 87 210 211 212 213 214 215 216 217 218 219 129 221 222 223 224 49 34 35 36 37 220 253 254 255 256 209 194 195 196 197 198 199 200 201 202 203 204 205 206 207 208 5 60 61 62 63 64 17 2 3 4 59 6 7 8 9 10 11 12 13 14 33 39 40 41 42 43 44 45 46 47 48 38 50 167 52 53 54 55 56 57 58"
tai256c,2opt-SD,256,10,44890120,44890120,44949524.00,45008016,44759294,0.292288,1.405365,1.558455,1.793459,45.3,1511232.0,"211 215 84 145 147 33 222 72 19 167 135 252 187 137 81 202 198 11 194 239 105 181 63 132 87 162 37 155 170 152 256 40 67 113 50 250 233 204 224 159 200 177 248 228 57 164 140 196 117 127 102 98 9 22 243 207 123 90 75 112 115 230 108 185 150 55 237 176 190 219 94 69 60 80 32 15 120 226 173 1 245 52 7 26 142 4 125 13 45 77 43 30 205 231 17 54 76 89 189 86 172 241 128 249 254 28 96 10 29 179 103 79 129 221 144 68 110 61 166 42 85 218 64 178 107 255 168 111 212 246 20 74 235 220 83 38 130 138 214 133 106 21 39 153 169 5 209 47 184 18 46 136 23 183 193 119 44 247 12 143 27 114 242 175 210 101 180 160 8 62 126 236 16 182 197 121 213 95 141 2 116 158 70 146 88 206 36 51 109 99 195 3 97 78 56 157 227 131 156 251 163 53 24 253 186 238 104 154 161 124 66 223 203 148 71 6 48 232 91 201 58 82 93 25 35 59 100 14 149 191 174 217 73 139 234 31 199 49 240 208 65 165 192 151 41 244 229 92 216 122 34 188 118 225 134 171"
tai256c,2opt-FI,256,10,44909432,44909432,44948244.20,45012594,44759294,0.335434,0.155667,0.236136,0.345960,215.2,211181.4,"183 148 94 22 99 157 168 235 69 248 87 222 60 203 142 171 124 154 207 151 245 102 40 65 174 252 28 122 159 64 62 13 200 96 92 111 146 225 198 131 82 52 72 218 117 120 77 74 84 34 107 4 10 228 210 7 25 192 54 233 180 195 178 57 224 67 185 165 205 134 37 237 230 144 161 254 19 213 113 1 109 89 30 242 256 32 47 215 188 137 43 139 229 156 221 48 38 103 179 8 41 208 2 132 17 29 44 201 255 6 59 127 150 12 243 145 223 141 21 66 175 232 238 71 63 176 98 166 76 14 143 236 217 140 61 86 20 121 23 3 100 251 26 58 135 80 169 152 68 31 190 214 206 119 108 42 33 73 163 172 194 184 36 202 220 226 115 128 186 155 75 181 116 234 244 189 241 112 211 136 5 126 55 79 191 149 182 177 15 250 50 125 249 164 212 11 209 216 93 78 9 70 162 88 85 16 147 173 167 18 240 83 81 246 95 197 106 227 219 130 49 97 27 114 133 196 46 51 105 123 24 35 231 247 253 118 193 110 104 158 187 170 91 138 45 204 53 129 39 101 239 153 199 56 90 160"
tai25a,Greedy,25,10,1352458,1352458,1380183.50,1403343,N/A,N/A,0.000001,0.000002,0.000003,0.0,0.0,"1 4 6 9 10 21 25 11 14 2 20 17 13 19 18 23 8 7 15 24 5 3 22 16 12"
tai25a,2opt-SD,25,10,1214018,1214018,1228706.50,1246582,N/A,N/A,0.000213,0.000295,0.000390,12.8,4140.0,"1 9 11 7 12 19 5 23 13 21 8 2 4 15 20 6 17 16 3 24 22 14 10 18 25"
tai25a,2opt-FI,25,10,1201377,1201377,1220304.60,1242314,N/A,N/A,0.000078,0.000135,0.000212,42.3,1903.8,"1 17 14 2 10 15 9 19 11 3 6 16 8 25 23 12 22 7 21 5 18 4 20 13 24"
tai25b,Greedy,25,10,671693665,671693665,751047863.30,829976109,344355646,95.058125,0.000001,0.000001,0.000002,0.0,0.0,"14 15 10 4 6 7 11 5 12 25 3 24 18 22 16 21 13 8 23 19 2 9 17 20 1"
tai25b,2opt-SD,25,10,348161445,348161445,395659492.50,447313510,344355646,1.105194,0.000374,0.001193,0.006101,20.3,6390.0,"10 15 20 18 16 9 19 6 3 17 4 7 5 25 13 2 11 21 8 24 23 22 14 12 1"
tai25b,2opt-FI,25,10,379120646,379120646,420321669.00,484325302,344355646,10.095667,0.000634,0.001264,0.002329,73.0,1894.9,"11 12 22 9 13 15 19 14 7 17 1 23 24 21 4 2 6 20 8 18 16 3 5 10 25"
tai30a,Greedy,30,10,2085936,2085936,2110126.60,2128722,N/A,N/A,0.000006,0.000007,0.000011,0.0,0.0,"26 10 22 11 30 4 7 28 23 14 27 16 29 18 21 2 17 20 1 12 24 19 8 9 3 6 5 15 25 13"
tai30a,2opt-SD,30,10,1893550,1893550,1921919.40,1943948,N/A,N/A,0.000793,0.001219,0.002282,13.6,6351.0,"14 24 16 21 30 4 27 28 23 29 6 7 1 3 26 19 8 18 13 15 5 11 20 10 2 25 17 9 22 12"
tai30a,2opt-FI,30,10,1871628,1871628,1902997.80,1920776,N/A,N/A,0.000144,0.000306,0.000401,45.2,2455.8,"9 12 16 21 25 28 27 17 22 6 3 30 14 7 8 4 13 18 10 29 19 11 20 26 23 2 24 1 5 15"
tai30b,Greedy,30,10,1243738995,1243738995,1351415270.80,1393839879,637117113,95.213560,0.000003,0.000003,0.000006,0.0,0.0,"2 9 7 15 3 24 18 23 12 5 22 28 16 4 30 21 20 11 10 29 6 17 26 13 19 8 27 25 14 1"
tai30b,2opt-SD,30,10,651161537,651161537,721488961.00,805891677,637117113,2.204371,0.001040,0.001231,0.001878,29.8,13398.0,"3 21 1 8 5 17 11 16 18 20 13 24 28 6 29 19 4 26 12 9 22 30 2 15 10 14 7 23 27 25"
tai30b,2opt-FI,30,10,648625538,648625538,739708125.70,831436601,637117113,1.806328,0.000182,0.000330,0.000580,109.9,3268.8,"3 21 1 8 5 17 11 16 25 20 15 13 9 26 2 28 22 6 30 29 19 4 14 10 12 24 23 18 27 7"
tai35a,Greedy,35,10,2876640,2876640,2913147.40,2933934,N/A,N/A,0.000003,0.000004,0.000006,0.0,0.0,"32 34 10 30 8 11 21 31 23 2 26 29 7 3 33 22 4 27 24 14 35 5 20 18 28 25 17 15 12 6 1 13 9 16 19"
tai35a,2opt-SD,35,10,2519076,2519076,2541896.80,2573154,N/A,N/A,0.001642,0.002032,0.002683,19.8,12376.0,"11 16 2 30 13 21 26 15 25 5 1 4 20 18 27 3 10 23 8 29 17 24 22 28 6 14 31 32 35 7 34 12 33 9 19"
tai35a,2opt-FI,35,10,2494488,2494488,2538573.20,2561642,N/A,N/A,0.000425,0.000625,0.001320,61.1,4484.1,"20 13 9 31 26 32 19 8 2 24 18 15 6 34 27 1 12 3 10 5 33 30 21 4 14 23 22 16 11 29 25 28 35 7 17"
tai35b,Greedy,35,10,493514549,493514549,509824161.50,538256361,283315445,74.192603,0.000002,0.000003,0.000006,0.0,0.0,"21 3 8 28 30 29 22 12 24 5 25 18 6 10 35 13 11 1 9 27 20 17 14 15 31 32 7 26 16 2 4 34 23 33 19"
tai35b,2opt-SD,35,10,290994584,290994584,309754039.30,333407139,283315445,2.710455,0.001705,0.005126,0.017192,35.8,21896.0,"5 18 26 31 10 29 8 1 3 11 33 32 12 22 24 25 4 20 13 27 2 23 21 15 35 16 9 28 7 19 34 6 17 30 14"
tai35b,2opt-FI,35,10,302456566,302456566,311051524.30,331246109,283315445,6.756116,0.000331,0.001046,0.006238,130.9,3999.9,"7 35 25 21 11 31 3 22 6 30 26 32 18 28 23 4 33 24 13 27 1 34 5 17 20 8 12 19 9 10 14 2 29 15 16"
tai40a,Greedy,40,10,3709150,3709150,3751931.40,3800582,N/A,N/A,0.000037,0.000047,0.000092,0.0,0.0,"1 2 15 16 32 4 19 31 27 33 17 6 18 8 25 24 29 34 22 3 5 35 37 11 13 10 30 23 9 12 20 39 21 38 7 14 36 40 28 26"
tai40a,2opt-SD,40,10,3270730,3270730,3299737.80,3320184,N/A,N/A,0.002139,0.006355,0.018753,22.8,18564.0,"24 25 2 37 27 26 14 3 34 22 7 30 31 36 39 18 8 40 33 19 16 15 10 32 38 4 1 17 5 35 20 21 11 13 29 28 9 23 6 12"
tai40a,2opt-FI,40,10,3239038,3239038,3283045.00,3312286,N/A,N/A,0.000796,0.001325,0.002083,68.3,5566.9,"31 33 9 19 17 32 20 2 37 11 21 39 4 36 35 27 38 1 24 22 5 15 25 34 30 3 12 18 23 40 14 29 26 6 28 13 10 16 7 8"
tai40b,Greedy,40,10,1045164551,1045164551,1077934550.90,1105523222,637250948,64.011455,0.000003,0.000004,0.000006,0.0,0.0,"23 28 14 18 29 5 30 19 32 39 20 10 1 37 34 2 4 36 9 24 3 26 13 17 11 7 35 40 22 12 6 27 8 31 33 21 38 16 25 15"
tai40b,2opt-SD,40,10,641053456,641053456,699133713.50,743250039,637250948,0.596705,0.003679,0.009695,0.027554,42.5,33930.0,"36 1 11 15 31 37 25 19 39 4 27 7 13 22 40 33 14 35 9 10 23 12 38 3 16 34 5 32 20 24 29 17 26 8 28 6 30 18 21 2"
tai40b,2opt-FI,40,10,640615911,640615911,686000187.20,717587332,637250948,0.528044,0.000782,0.001136,0.001629,203.3,6373.3,"39 1 15 11 25 31 36 19 37 7 33 26 13 40 4 27 38 35 10 3 23 12 5 32 34 16 9 14 30 29 24 17 6 22 28 8 20 2 18 21"
tai50a,Greedy,50,10,5770236,5770236,5801905.00,5830898,N/A,N/A,0.000004,0.000005,0.000007,0.0,0.0,"27 32 46 14 50 15 5 34 38 22 6 37 40 16 36 13 24 29 48 33 35 26 2 44 30 12 7 20 41 8 49 31 3 1 18 25 11 19 4 39 21 10 28 47 43 45 42 23 9 17"
tai50a,2opt-SD,50,10,5148554,5148554,5208536.80,5260612,N/A,N/A,0.005976,0.012936,0.027339,26.3,33442.5,"26 23 6 20 14 22 45 41 25 9 32 2 16 13 33 49 5 39 18 46 42 17 43 3 24 48 29 15 28 1 27 30 34 19 36 4 47 35 11 21 40 10 44 8 7 37 50 12 31 38"
tai50a,2opt-FI,50,10,5140258,5140258,5172793.40,5212012,N/A,N/A,0.001484,0.004210,0.020906,79.7,9199.2,"34 12 22 5 47 44 39 31 2 35 25 19 24 14 15 7 10 27 21 43 6 45 37 48 18 28 23 42 32 11 33 36 38 40 13 3 26 46 49 29 41 50 16 8 1 9 4 17 20 30"
tai50b,Greedy,50,10,754159737,754159737,786636636.50,798862658,458821517,64.368869,0.000007,0.000008,0.000012,0.0,0.0,"15 4 40 34 42 16 24 30 26 29 7 6 21 12 37 44 48 13 9 27 11 39 50 46 49 38 36 8 25 35 41 45 28 1 31 18 3 17 2 5 33 32 19 22 10 14 43 20 47 23"
tai50b,2opt-SD,50,10,468530822,468530822,492839806.70,532578714,458821517,2.116140,0.012478,0.026247,0.039655,54.5,67987.5,"19 1 24 22 30 26 9 47 15 14 6 33 41 20 8 36 7 44 50 31 48 34 11 27 37 49 21 3 32 4 23 17 5 13 16 25 46 38 45 12 39 18 10 40 42 35 43 28 29 2"
tai50b,2opt-FI,50,10,466720003,466720003,487489840.00,499586842,458821517,1.721472,0.001405,0.002964,0.014507,277.1,10228.9,"17 48 47 22 26 30 13 49 11 24 20 37 41 6 31 33 38 8 1 23 3 15 14 32 4 27 9 21 34 19 5 43 10 16 12 35 46 29 36 45 18 40 42 44 2 25 39 28 7 50"
tai60a,Greedy,60,10,8323772,8323772,8378836.40,8418498,7208572,15.470470,0.000038,0.000041,0.000057,0.0,0.0,"48 57 8 41 49 52 43 58 46 12 60 5 7 10 17 59 53 1 56 54 33 51 44 26 15 4 13 50 55 11 47 36 21 40 16 24 22 9 27 32 18 2 29 38 31 23 14 20 3 19 37 39 35 34 25 28 30 6 42 45"
tai60a,2opt-SD,60,10,7510932,7510932,7563793.00,7608950,7208572,4.194451,0.010343,0.019229,0.031709,34.5,62835.0,"12 33 40 57 20 24 2 53 8 42 1 23 49 16 60 34 13 11 56 28 44 35 21 30 55 46 15 45 27 4 58 19 38 50 6 5 41 18 31 37 3 7 51 17 54 36 14 29 25 9 52 22 10 32 48 47 59 39 43 26"
tai60a,2opt-FI,60,10,7470120,7470120,7522844.60,7606002,7208572,3.628291,0.002216,0.003755,0.006511,117.8,15244.1,"46 3 37 20 4 7 60 21 55 53 28 24 30 27 8 5 57 19 48 36 44 14 11 10 15 59 52 54 58 1 25 16 23 34 56 40 26 41 43 31 18 17 13 35 29 12 6 45 22 9 47 32 49 51 33 39 50 2 42 38"
tai60b,Greedy,60,10,942991648,942991648,955860067.50,980611912,608215054,55.042471,0.000007,0.000007,0.000011,0.0,0.0,"58 12 40 21 53 29 33 51 46 1 44 17 4 59 24 20 26 48 56 36 47 15 35 28 2 3 32 45 14 55 27 38 54 7 37 34 42 13 39 50 19 23 60 30 22 43 41 18 57 11 9 10 5 16 6 52 25 31 49 8"
tai60b,2opt-SD,60,10,624116750,624116750,659611219.00,685011894,608215054,2.614486,0.027274,0.038337,0.053621,70.5,126555.0,"50 9 1 20 56 37 47 59 33 24 28 25 58 27 22 14 2 13 39 18 57 26 52 11 48 12 17 15 8 44 6 19 34 41 60 3 36 5 42 54 51 23 40 31 30 21 38 55 7 10 49 32 4 53 16 29 35 46 43 45"
tai60b,2opt-FI,60,10,620988447,620988447,647856197.70,677667017,608215054,2.100144,0.003750,0.009510,0.021727,389.7,20557.2,"36 54 58 20 56 50 60 40 33 24 34 25 1 37 22 12 18 55 52 3 26 53 57 19 14 29 48 23 13 47 38 9 2 39 8 6 15 17 11 42 43 51 21 46 30 41 27 28 35 49 10 4 16 5 7 45 44 59 32 31"
tai64c,Greedy,64,10,5113578,5113578,5467985.40,5507364,1855928,175.526745,0.000006,0.000007,0.000008,0.0,0.0,"34 5 44 43 42 41 40 45 39 38 37 36 35 8 9 10 11 12 13 14 15 16 1 18 19 7 21 22 23 24 25 26 27 28 29 30 31 32 20 58 56 55 54 53 52 51 50 33 48 47 46 59 60 61 62 63 64 17 2 3 4 49 6 57"
tai64c,2opt-SD,64,10,1860348,1860348,1870635.40,1926154,1855928,0.238156,0.002481,0.007008,0.024694,7.6,17337.6,"54 4 22 37 1 52 20 18 50 7 34 48 32 5 24 59 13 39 27 41 23 40 31 44 46 45 60 19 58 47 2 11 28 17 21 63 56 42 64 8 9 61 10 30 36 38 49 14 3 53 43 29 33 6 51 55 12 26 62 57 25 35 15 16"
tai64c,2opt-FI,64,10,1857646,1857646,1866550.40,1913788,1855928,0.092568,0.001554,0.003817,0.012141,25.4,7977.2,"18 12 22 40 6 59 55 37 24 49 1 35 53 15 54 3 16 27 17 50 32 52 2 44 11 58 48 56 9 46 47 31 63 30 41 43 19 21 5 57 34 20 38 33 28 29 26 61 39 4 7 14 23 13 10 60 36 45 62 42 64 25 51 8"
tai80a,Greedy,80,10,15534696,15534696,15595960.20,15694912,13557864,14.580704,0.000031,0.000035,0.000047,0.0,0.0,"44 48 23 16 6 28 37 53 31 60 41 27 21 17 50 47 7 65 79 62 38 66 57 76 9 3 54 30 74 5 12 55 78 59 35 14 32 19 20 56 71 63 18 34 69 46 40 75 36 68 51 25 29 67 58 49 2 11 42 22 73 33 61 26 52 13 45 70 80 64 43 8 10 39 1 77 15 4 72 24"
tai80a,2opt-SD,80,10,13947496,13947496,14055162.00,14128214,13557864,2.873845,0.044966,0.051823,0.061101,50.1,161476.0,"46 61 56 52 50 28 45 66 29 58 43 7 20 78 72 80 77 71 51 8 14 36 19 62 32 48 24 59 57 13 40 12 37 73 70 16 68 27 44 69 33 1 54 53 15 17 30 11 10 6 65 21 79 5 76 39 75 55 18 22 41 9 42 63 60 38 2 26 4 67 3 25 31 74 47 23 35 64 49 34"
tai80a,2opt-FI,80,10,13974518,13974518,14031027.00,14088508,13557864,3.073154,0.005287,0.013863,0.032501,149.7,30226.8,"2 6 28 72 37 24 8 4 73 35 19 27 52 47 61 64 55 25 53 33 78 42 1 45 32 20 16 21 71 31 48 75 41 69 34 70 44 11 59 80 7 39 40 36 51 3 79 14 76 10 63 66 74 67 60 22 30 50 77 38 15 18 26 9 17 12 65 62 54 57 5 43 56 49 29 23 46 68 58 13"
tai80b,Greedy,80,10,1192708510,1192708510,1203151272.60,1221018655,818415043,45.733943,0.000021,0.000022,0.000029,0.0,0.0,"63 33 29 43 16 45 50 4 20 30 19 68 60 80 31 52 21 48 41 10 14 77 72 54 6 58 67 61 46 32 53 56 75 18 42 44 3 57 40 74 65 37 47 17 5 24 8 78 13 23 15 70 49 36 22 51 66 69 25 76 62 35 34 2 59 71 26 11 39 73 12 7 27 9 55 28 38 1 64 79"
tai80b,2opt-SD,80,10,844870783,844870783,860810495.20,885899265,818415043,3.232558,0.092288,0.105035,0.121744,112.3,358028.0,"63 49 47 8 35 64 50 65 80 38 44 1 43 9 18 31 40 75 62 76 28 58 56 72 6 54 3 78 19 7 71 39 20 32 26 41 59 73 5 42 23 48 68 24 2 70 77 33 51 34 15 29 69 27 13 4 21 17 52 14 67 79 36 74 16 12 25 45 66 61 11 10 22 53 37 46 60 57 30 55"
tai80b,2opt-FI,80,10,843494112,843494112,859628016.20,874196216,818415043,3.064346,0.006306,0.016865,0.036937,514.0,37169.9,"48 12 5 58 3 76 60 20 72 39 56 31 59 49 4 35 73 45 32 23 22 10 15 71 51 66 74 16 26 9 65 68 11 47 54 18 69 46 78 62 30 19 57 2 33 21 6 17 27 42 67 41 7 24 25 14 53 29 77 44 63 80 55 8 61 43 79 64 37 36 75 28 70 40 52 50 1 34 38 13"
tho150,Greedy,150,10,9429760,9429760,9455028.20,9482058,8133484,15.937524,0.000042,0.000044,0.000052,0.0,0.0,"9 136 17 29 107 57 74 71 2 82 147 64 62 5 73 142 23 72 79 43 133 44 49 14 148 67 113 69 106 98 77 115 53 52 59 143 140 146 58 122 3 54 118 6 21 127 128 50 125 145 8 80 138 1 19 95 68 92 33 34 26 105 87 144 123 132 114 131 150 63 121 134 31 116 81 120 135 56 11 35 103 28 66 48 90 139 42 97 12 75 149 96 51 126 117 141 40 61 76 30 39 108 91 41 47 18 83 25 109 16 94 89 55 88 104 130 110 86 36 124 7 60 10 45 101 32 13 111 37 46 129 27 70 65 112 85 15 20 119 4 84 100 22 78 93 24 38 99 137 102"
tho150,2opt-SD,150,10,8278156,8278156,8330101.40,8366582,8133484,1.778721,1.052716,1.192131,1.502475,204.3,2294227.5,"98 112 147 26 33 36 71 23 84 75 96 47 30 137 73 62 86 6 119 116 29 133 51 41 67 31 59 97 105 21 85 38 128 109 91 141 39 143 19 49 104 134 81 110 15 142 99 18 140 11 123 87 132 107 100 42 92 34 37 124 120 69 74 76 61 53 150 126 48 146 22 64 68 82 24 127 108 139 138 131 66 35 93 88 95 58 32 101 25 72 65 13 52 50 129 55 4 1 10 89 103 16 8 111 70 7 57 5 44 144 114 122 40 130 90 28 79 63 148 115 9 17 14 60 43 145 121 117 94 118 2 56 46 135 54 102 20 27 77 12 45 78 113 106 149 125 83 80 3 136"
tho150,2opt-FI,150,10,8267714,8267714,8317755.60,8358022,8133484,1.650338,0.054395,0.083295,0.127401,933.9,135206.5,"9 60 17 127 43 14 10 149 54 72 136 45 106 65 102 20 2 57 88 94 44 148 145 125 13 121 12 113 5 85 32 129 117 38 103 8 108 114 63 56 111 135 3 83 7 120 52 95 58 42 78 143 122 138 70 46 50 115 27 74 69 126 67 89 19 118 141 1 90 97 28 80 130 87 25 49 71 39 35 84 66 36 55 146 150 61 24 40 26 4 112 23 93 53 48 123 133 131 16 76 132 140 104 41 99 22 82 107 64 119 91 37 101 139 100 134 30 92 79 18 137 128 51 147 86 11 124 59 110 105 29 144 77 33 81 98 62 109 96 47 31 75 73 21 68 116 15 34 6 142"
tho30,Greedy,30,10,197756,197756,201658.60,209344,N/A,N/A,0.000002,0.000002,0.000004,0.0,0.0,"29 3 25 13 6 17 8 2 1 9 15 23 21 22 26 27 24 10 12 18 19 30 4 5 16 28 14 7 11 20"
tho30,2opt-SD,30,10,154358,154358,158029.60,161350,N/A,N/A,0.000711,0.000982,0.001567,23.9,10831.5,"20 19 14 1 8 24 28 25 2 29 11 7 22 5 16 26 17 27 4 12 3 18 15 30 21 23 10 13 6 9"
tho30,2opt-FI,30,10,154454,154454,157122.60,162406,N/A,N/A,0.000211,0.000291,0.000328,72.1,2228.4,"9 12 25 27 2 28 8 17 4 29 20 6 22 21 23 26 14 7 5 16 18 15 13 10 30 24 1 11 3 19"
tho40,Greedy,40,10,315512,315512,321837.60,326134,N/A,N/A,0.000004,0.000004,0.000007,0.0,0.0,"3 31 5 11 13 21 4 18 40 23 27 1 22 10 39 17 9 12 16 6 30 15 8 24 25 35 14 33 32 28 29 36 19 38 26 2 20 37 34 7"
tho40,2opt-SD,40,10,245450,245450,251909.40,256494,N/A,N/A,0.002887,0.004670,0.006498,33.0,26520.0,"18 28 2 5 26 38 31 36 39 37 22 20 15 35 29 17 14 33 16 1 6 10 12 11 9 4 32 30 21 27 8 25 40 19 23 13 24 7 34 3"
tho40,2opt-FI,40,10,248536,248536,251813.60,257658,N/A,N/A,0.000607,0.000863,0.001453,96.4,4444.3,"19 18 39 2 28 4 9 36 7 33 1 14 30 37 12 40 23 16 15 6 22 35 32 25 24 10 20 21 13 29 8 34 17 31 11 38 27 5 26 3"
wil100,Greedy,100,10,292254,292254,292813.40,293590,273038,7.037848,0.000024,0.000025,0.000033,0.0,0.0,"33 1 94 85 25 7 84 21 29 92 32 88 42 20 51 49 56 4 40 62 28 97 3 76 99 22 73 41 43 10 78 77 18 27 44 13 79 52 67 6 68 23 39 5 61 45 54 53 86 24 72 58 82 69 90 47 96 12 80 34 100 70 17 26 93 38 37 98 36 60 66 71 95 2 83 75 11 59 31 89 63 64 8 74 91 19 46 81 65 87 50 48 30 35 16 55 14 9 57 15"
wil100,2opt-SD,100,10,275214,275214,275872.80,277146,273038,0.796959,0.172208,0.208430,0.235936,115.8,578160.0,"33 49 16 30 29 87 10 32 21 15 64 55 23 80 98 28 56 77 9 1 48 72 2 41 79 44 13 17 68 100 63 51 52 83 54 45 73 76 35 88 4 67 24 90 61 26 22 75 74 62 31 34 3 96 43 37 27 39 85 95 78 53 5 38 59 93 69 19 86 60 50 18 99 12 47 65 71 81 42 40 25 36 70 82 8 66 91 11 84 89 92 20 6 97 94 14 46 58 7 57"
wil100,2opt-FI,100,10,274900,274900,275689.60,276710,273038,0.681956,0.015331,0.032522,0.051456,466.7,49673.9,"15 32 73 42 58 97 7 89 66 92 88 63 39 37 75 69 4 40 84 35 1 100 76 90 45 31 11 82 60 64 46 74 26 83 14 27 71 81 91 24 57 95 78 54 5 93 47 19 44 29 43 22 41 13 86 38 96 12 8 94 10 62 80 23 3 59 16 17 85 70 28 56 79 61 67 65 99 18 2 87 9 68 98 51 72 53 49 36 20 55 50 77 6 52 34 48 25 30 21 33"
wil50,Greedy,50,10,53572,53572,53808.20,54110,N/A,N/A,0.000004,0.000005,0.000008,0.0,0.0,"46 2 12 30 31 8 29 40 13 27 7 23 17 3 44 4 45 36 15 38 34 19 24 43 41 32 39 11 5 33 20 18 16 28 49 10 25 37 35 22 26 48 50 42 6 47 21 9 14 1"
wil50,2opt-SD,50,10,49212,49212,49547.00,49862,N/A,N/A,0.007378,0.014133,0.036104,47.6,59535.0,"35 29 30 6 50 32 15 40 2 20 46 14 21 16 41 44 3 11 13 25 22 42 10 37 31 38 24 47 18 26 17 28 5 4 39 45 49 8 12 7 1 48 34 36 43 33 23 19 9 27"
wil50,2opt-FI,50,10,49154,49154,49575.20,50112,N/A,N/A,0.001189,0.002118,0.003740,169.1,10148.5,"9 7 34 23 18 25 2 50 13 26 12 19 15 3 49 47 41 40 44 1 20 43 31 11 38 30 32 16 10 35 48 8 36 37 39 45 21 28 6 22 27 33 17 24 4 5 42 29 14 46"
